,Adam Joseph Lewis Center - Gross Electricity Consumption (kWh),Kohl Building - Total Electricity Use (kWh),Science Center - Electricity Use (kWh),Asia House - Residential Electricity Use (kWh),East - Electricity Use (kWh),Kahn - Total Electricity Use (kWh),Noah - Electricity Use (kWh),North - Electricity Use (kWh),Fairchild - Residential Electricity Use (kWh),Harvey - Electricity Use (kWh),Talcott - Residential Electricity Use (kWh),Lord-Saunders Electricity use (kWh)
2023-01-10,4.84402,9.338751,85.97475,1.7599583,5.365248,10.9515295,1.7852796,2.7950585,1.0593278,1.1178707,0.90549886,2.2222087
2023-01-11,4.5549135,9.348683,85.41559,1.6781472,4.9796853,11.297711,1.688166,3.3263276,1.1252158,1.1039898,0.8758035,2.2708778
2023-01-12,4.507038,9.304446,87.32257,1.685512,4.6832895,11.628461,1.6966922,3.8741863,1.2041856,1.0939077,0.8146197,2.5828884
2023-01-13,5.157771,9.6893215,88.75002,1.6696229,4.125453,12.312021,1.7505965,4.3941917,1.239826,1.0293168,0.79485106,3.003645
2023-01-14,5.0744586,9.859255,89.917305,1.6626087,3.689127,12.257896,1.7935343,4.912844,1.2149752,0.9561944,0.7890026,3.1951072
2023-01-15,4.6392674,9.660958,90.847855,1.6660917,2.9905372,11.658047,1.8553872,5.0749583,1.0734543,0.8439367,0.7197346,2.978403
2023-01-16,4.8188725,9.582399,91.1242,1.6084278,2.4162602,11.502786,1.9495993,5.207626,0.92000943,0.7173901,0.68494534,2.6232047
2023-01-17,4.3343296,9.333781,92.72883,1.5387535,2.4780595,11.238003,2.0182807,5.264258,0.847254,0.639429,0.69333977,2.1769822
2023-01-18,3.3901496,9.107761,95.840935,1.5430812,2.943744,10.538087,2.2270994,5.124781,0.8395975,0.6038048,0.6751882,2.0710979
2023-01-19,3.0381105,9.325807,98.50291,1.6005548,3.7589185,9.8440075,2.6935027,5.0912323,0.8973686,0.61975706,0.6804265,2.5044916
2023-01-20,3.0446463,9.457375,101.87089,1.5474758,4.4892,8.759945,2.929949,4.962089,0.9194588,0.7330729,0.66590554,2.8992
2023-01-21,3.7628791,9.436979,94.34471,1.5356252,4.56743,8.846816,3.1795092,5.0186844,0.9093901,0.8444052,0.70145607,3.1431556
2023-01-22,3.90162,9.734937,101.20891,1.5858989,5.4751425,9.124004,3.2310667,5.5500646,0.97700125,1.0023094,0.6631154,3.335953
2023-01-23,4.2278466,9.773203,107.40136,1.7656938,5.9326553,9.668387,3.5872364,6.3190312,1.1389128,1.1705413,0.7306871,4.007861
2023-01-24,4.181118,9.730221,108.39168,1.8516204,6.5061746,9.936273,3.6816835,6.643374,1.2059507,1.1929533,0.8201713,4.3289275
2023-01-25,4.2160864,9.745349,105.160774,1.7917465,7.2862234,10.5964775,3.6245458,6.584649,1.1622052,1.0209671,0.8571324,4.1789484
2023-01-26,4.192935,9.785924,100.37736,1.6755946,7.420393,11.2284775,3.589487,6.5929837,1.1107715,0.894711,0.8542374,4.0649037
2023-01-27,3.7593124,9.733242,95.303444,1.587068,6.7354345,11.303509,3.613898,6.8065343,1.0970634,0.9003831,0.83056825,3.9812963
2023-01-28,3.1859524,9.729819,93.176544,1.6011527,6.3746266,11.2402,3.7751281,7.4028716,1.1488924,0.972985,0.8253634,3.9009397
2023-01-29,2.9802516,9.932095,92.9333,1.6756107,6.318329,11.625516,4.0403304,8.09797,1.2377956,1.0184959,0.82366735,3.9469597
2023-01-30,3.182201,9.92724,93.78207,1.7714375,6.4886646,12.106377,4.2444263,8.714466,1.3154945,0.9876123,0.8192465,3.9005585
2023-01-31,3.5412517,9.448717,92.68298,1.8671647,7.060598,12.94322,4.268596,9.029193,1.2914032,0.9703694,0.7767805,3.8252969
2023-02-01,3.9617498,9.037799,91.62489,1.9844639,7.4081054,13.500002,4.2477126,9.349999,1.268411,0.96781635,0.7258735,3.8390563
2023-02-02,4.070575,8.685291,91.961365,2.122295,7.9829717,14.166032,4.2800527,9.75264,1.2683033,1.0419852,0.6712671,4.0321116
2023-02-03,3.8349957,8.386073,94.82887,2.2965477,8.649823,14.871918,4.344964,10.195451,1.3444786,1.1885622,0.6600241,4.3108974
2023-02-04,3.334381,8.107368,98.62258,2.5027525,9.0996685,14.948198,4.4521623,10.498804,1.4495329,1.375649,0.6768796,4.618652
2023-02-05,2.7410173,7.8823867,101.73619,2.646794,8.972649,14.255374,4.506818,10.558766,1.5313143,1.5219404,0.6680027,4.839518
2023-02-06,2.4469683,7.6632066,102.05372,2.717768,9.663523,14.136565,4.5555487,10.69473,1.6139711,1.5879793,0.68824124,5.0668516
2023-02-07,2.5457287,7.5847077,101.92775,2.7467365,11.682439,15.010424,4.536634,11.200049,1.6667756,1.5543069,0.6482818,5.155624
2023-02-08,2.6970325,7.655768,104.21324,2.794171,13.831516,16.275295,4.583941,11.900021,1.7428088,1.4927174,0.58165944,5.276187
2023-02-09,2.7690816,7.900835,108.70014,2.9251232,14.758856,17.54971,4.8711066,12.609829,1.8663996,1.573985,0.60406584,5.6119246
2023-02-10,2.5619793,8.099227,112.93771,2.975693,13.437953,17.119474,5.057972,12.546173,1.8934467,1.671311,0.65374887,5.729841
2023-02-11,2.315061,8.174098,115.201866,2.9476583,12.383864,16.465612,5.094443,12.248882,1.8616037,1.7014776,0.678303,5.7217493
2023-02-12,2.2319322,8.170123,115.12674,2.8504748,11.991875,15.258049,4.98194,11.869888,1.7856863,1.5954844,0.68341446,5.4372816
2023-02-13,2.3779678,8.401307,108.495186,2.7251275,12.170018,14.2841015,4.9349856,11.5404825,1.6915351,1.4206263,0.6702637,5.0687957
2023-02-14,2.4436324,8.876403,109.524155,2.5219738,12.721601,14.192095,4.8329325,11.426857,1.5954297,1.3181452,0.5515992,4.7906218
2023-02-15,2.300045,9.151397,118.17129,2.3939278,12.953951,14.286207,4.699551,11.327954,1.5439838,1.3549197,0.50937897,4.8726964
2023-02-16,1.9581594,9.206804,121.424355,2.368346,13.262346,14.419889,4.688065,11.405915,1.5368658,1.4373877,0.6097234,5.270249
2023-02-17,1.6777765,9.001863,114.78596,2.3297923,13.112932,14.07947,4.647484,11.404108,1.535409,1.402211,0.7736243,5.4852138
2023-02-18,1.7274134,8.632436,102.04822,2.302675,13.232866,13.716781,4.633047,11.589516,1.5866038,1.2923824,0.86083317,5.557277
2023-02-19,1.8933682,8.137581,99.75902,2.2988608,13.218571,13.667549,4.4834146,11.754156,1.6134945,1.2213672,0.8116791,5.716104
2023-02-20,1.9325047,7.560515,106.7649,2.2640169,12.955619,13.336917,4.2347856,11.629076,1.5939608,1.2716491,0.7500064,6.0145316
2023-02-21,1.9796005,7.5423365,114.89107,2.2325692,12.665382,12.945595,3.9627852,11.50589,1.5100613,1.3508129,0.7803242,6.0051694
2023-02-22,1.8150325,7.9233985,119.75765,2.1840382,12.492126,12.346642,3.793291,11.097713,1.4193617,1.3492527,0.9022995,5.8189435
2023-02-23,1.7546867,8.062509,109.97689,2.1473079,12.009608,12.027186,3.8743236,10.715209,1.3588234,1.3302437,1.0353687,5.9322605
2023-02-24,1.6823392,7.8607187,99.16374,2.1604173,11.591877,11.897365,3.9141414,10.808913,1.359905,1.2934036,1.1034492,6.0505996
2023-02-25,1.5643405,7.4928803,96.36068,2.1629913,10.7241535,11.8533,3.9686265,10.797618,1.365067,1.239426,1.123481,6.078975
2023-02-26,1.6919943,7.44849,98.864655,2.1610575,9.507404,11.903578,4.03763,10.571396,1.3257395,1.2109885,1.1668979,6.0257845
2023-02-27,1.7903361,7.9736814,108.54203,2.2465498,8.913061,12.171444,4.0993104,10.565349,1.291759,1.2739072,1.252322,5.8033266
2023-02-28,1.6768738,8.561071,117.82023,2.3339639,8.411881,12.320294,4.1349626,10.667624,1.2811452,1.3667368,1.3452923,5.532118
2023-03-01,1.5524777,9.08898,111.97466,2.3799565,8.5551,12.777855,4.2500515,10.612549,1.2946241,1.4392276,1.4221361,5.6888285
2023-03-02,1.3716509,9.1356325,98.31334,2.3527505,8.721445,13.211129,4.3467093,10.738132,1.3059219,1.4104617,1.4316581,5.7049966
2023-03-03,1.1151842,8.827223,92.03411,2.2960057,8.755692,13.234803,4.450561,10.697499,1.3373905,1.3832351,1.4191651,5.578396
2023-03-04,1.2225515,8.234419,95.75765,2.31551,9.367298,13.287401,4.6084657,10.558254,1.399854,1.4136937,1.4463595,5.73231
2023-03-05,1.4756757,8.066029,107.642235,2.3494287,9.694865,12.76615,4.5758147,10.452276,1.4087342,1.4793705,1.4700487,5.9113255
2023-03-06,1.592621,7.944657,114.50924,2.3943298,9.093549,12.166827,4.2622795,10.23236,1.364825,1.4392313,1.5133681,5.7012877
2023-03-07,1.4977092,8.050849,102.57229,2.335965,8.98075,12.395787,4.0834155,10.146485,1.3708208,1.5092392,1.5331151,5.628477
2023-03-08,1.2794939,7.76263,100.11937,2.300862,8.995355,12.833317,3.8906102,10.581299,1.4182742,1.5234445,1.5145435,5.1973495
2023-03-09,0.99314857,7.091144,101.73606,2.240212,8.440197,13.343768,3.7927032,10.489891,1.4137584,1.5230083,1.538339,5.1111784
2023-03-10,0.95272684,6.7546725,96.6041,2.1989126,8.200257,14.182606,3.938688,10.307418,1.4246708,1.5504836,1.6059855,5.3881316
2023-03-11,0.9453043,7.3091345,92.65818,2.1307154,8.273941,14.458273,3.87593,10.127654,1.4753271,1.5698931,1.6642185,5.6219344
2023-03-12,0.91756165,7.9174857,94.14257,2.0381134,8.4621935,13.877705,3.5283875,9.708532,1.4642184,1.5166748,1.7013874,5.451788
2023-03-13,0.91512555,8.06823,94.987236,1.9506495,8.283214,13.376627,3.1259024,9.135483,1.3712776,1.3692596,1.7091875,5.0412765
2023-03-14,0.778816,8.028634,92.143036,1.8931417,7.9439783,13.616407,2.903271,8.866136,1.3320683,1.356797,1.7431253,4.918311
2023-03-15,0.58879155,8.294946,90.075836,1.8605157,7.7649813,14.062179,2.7330737,8.808582,1.3476336,1.3556529,1.7654259,4.844242
2023-03-16,0.3671152,8.501833,90.18964,1.8241217,7.679458,14.381216,2.6002388,8.766197,1.3857071,1.3788235,1.7891948,4.73822
2023-03-17,0.32486036,8.68829,90.087204,1.7619326,7.3490505,14.378085,2.5207767,8.562614,1.3962651,1.3714024,1.7874657,4.6438866
2023-03-18,0.40413564,9.061475,88.83334,1.7049681,6.996222,14.257687,2.4647124,8.305037,1.4058206,1.337923,1.7698067,4.4853106
2023-03-19,0.39458078,9.451065,88.45373,1.6792002,6.7557473,14.106504,2.3891423,8.137496,1.4412996,1.3537502,1.7569731,4.291542
2023-03-20,0.38001812,10.024944,88.263695,1.6682646,6.2651453,13.872855,2.3189957,7.9189253,1.470858,1.3869668,1.7496665,4.1273303
2023-03-21,0.2810333,10.922454,87.05358,1.6053555,5.6075244,13.521651,2.1923523,7.6914134,1.4646913,1.4162754,1.7317779,3.952694
2023-03-22,0.1627039,11.905577,85.29461,1.5339856,5.0054703,13.417183,2.078257,7.701241,1.4756861,1.467292,1.7313744,3.868368
2023-03-23,0.081357844,12.763699,83.600784,1.4595445,4.529364,13.51505,2.005282,7.8576274,1.4929711,1.5233793,1.7358261,3.8530028
2023-03-24,0.08032387,13.301676,82.29368,1.3838446,4.207271,13.622893,1.9809544,8.104446,1.500315,1.5474064,1.7294507,3.8330097
2023-03-25,0.15843822,13.518769,82.10979,1.3362675,4.1421914,13.630913,1.980769,8.409992,1.4791687,1.5230484,1.6958138,3.7118552
2023-03-26,0.3429476,13.574132,82.7169,1.3173785,4.4079757,13.382258,2.0120435,8.699207,1.4460063,1.4667733,1.6520021,3.489789
2023-03-27,0.5797988,13.4033,83.05766,1.310677,5.075431,12.849381,2.0786638,9.061419,1.4514209,1.4583266,1.6164532,3.2839503
2023-03-28,0.71908313,12.884894,82.904915,1.3086088,5.85749,12.37729,2.1703365,9.428102,1.4875764,1.4782834,1.5954169,3.2777038
2023-03-29,0.637957,12.335524,82.834526,1.3162624,6.5027347,12.1715,2.2923214,9.65739,1.5265644,1.59755,1.5693803,3.4678648
2023-03-30,0.44037303,12.062542,83.55214,1.3248436,7.3158937,11.998537,2.4485831,9.889414,1.5158398,1.7579076,1.4933417,3.7954452
2023-03-31,0.48985833,11.746392,85.026794,1.2931367,8.071245,11.642539,2.4442067,9.979531,1.4315333,1.6470736,1.4161607,3.7828295
2023-04-01,0.77732295,11.444583,89.00115,1.2820706,8.290189,11.266588,2.2340238,9.754565,1.3772216,1.4449708,1.3891196,3.4109027
2023-04-02,1.2014358,11.078469,90.467094,1.2771863,8.566491,11.305778,2.1055107,9.652663,1.4006165,1.4189308,1.4047922,3.2202644
2023-04-03,1.4621996,10.92051,88.30895,1.2598268,8.80837,12.126104,2.0942342,9.468141,1.469648,1.4539444,1.4067804,3.3808446
2023-04-04,1.3220503,10.562531,84.9789,1.3147498,8.987544,13.019303,2.2492497,9.412205,1.5674275,1.5698394,1.3802577,3.7730877
2023-04-05,1.0909286,10.255964,81.49288,1.4383668,8.998949,13.90426,2.4884737,9.5936,1.6407096,1.727846,1.368293,4.211713
2023-04-06,0.96170974,10.279324,80.4092,1.548649,8.943806,14.125646,2.5537844,9.770303,1.6638571,1.643671,1.3983128,4.2253585
2023-04-07,1.1168398,10.508028,83.48896,1.5606604,8.647585,13.917518,2.3401692,9.488711,1.6328872,1.3881094,1.4302554,3.6501725
2023-04-08,1.4244494,10.5189085,84.345314,1.6038789,8.211322,14.185164,2.3890395,9.653859,1.6692903,1.3739293,1.4885255,3.7001233
2023-04-09,1.7518482,10.797427,84.080864,1.6125008,8.141421,14.182337,2.4873009,9.5829525,1.7211744,1.4526659,1.5071301,3.87908
2023-04-10,1.6633743,10.509008,83.442444,1.5976934,8.168077,14.203839,2.6693633,9.497827,1.7441033,1.5618303,1.4768504,4.1729712
2023-04-11,1.474995,9.886289,82.975464,1.6015471,8.040738,14.399407,2.8304553,9.507831,1.7295946,1.634325,1.4546044,4.3514547
2023-04-12,1.2353415,9.436623,83.156525,1.6347452,8.068734,14.823921,2.9457967,9.582904,1.6917298,1.6972804,1.4256066,4.506161
2023-04-13,1.1735,9.233849,84.0948,1.6762477,8.491862,15.4485855,2.9582949,9.620135,1.6614649,1.6306828,1.386812,4.450516
2023-04-14,1.4812464,9.282569,85.57146,1.6986928,8.993848,16.330349,2.862317,9.7473545,1.6975567,1.4479334,1.3761425,4.152728
2023-04-15,1.8904127,9.510528,84.987755,1.7672573,9.554379,16.97946,2.8577182,10.029535,1.8139046,1.4370948,1.4226815,4.066071
2023-04-16,2.0590158,9.66298,82.012665,1.8053095,9.74903,17.032827,2.939904,10.22231,1.9067614,1.5495301,1.4678652,4.256359
2023-04-17,1.9218876,9.352566,79.41892,1.7674444,9.48688,16.716228,3.05995,10.263927,1.9143618,1.6154603,1.4749305,4.4095306
2023-04-18,1.8196577,9.404886,80.1433,1.7552724,9.100682,16.029045,3.069042,10.164556,1.8976526,1.5658942,1.4874904,4.312443
2023-04-19,1.853448,9.681983,82.4182,1.7351967,8.646581,15.379776,3.0079925,9.995625,1.8748347,1.452164,1.4965348,4.0789065
2023-04-20,2.0774734,9.731645,83.896194,1.7484008,8.392776,15.479636,3.019584,9.982348,1.873987,1.4102161,1.5145373,3.9776397
2023-04-21,2.3331816,9.637717,84.3233,1.7772055,8.261985,15.8948345,3.116326,10.065128,1.8804082,1.4217771,1.5281377,3.9859662
2023-04-22,2.47165,9.390662,83.88182,1.7892398,8.222153,16.028683,3.2314131,10.157364,1.8824673,1.4544154,1.5170394,4.0462785
2023-04-23,2.4055774,8.998463,82.40792,1.7918246,8.2399025,16.029247,3.3314073,10.3195305,1.8944408,1.5199676,1.490365,4.1343904
2023-04-24,2.2511735,8.875202,81.09029,1.8308575,8.321725,16.102474,3.3720534,10.385086,1.9025273,1.5537472,1.4577128,4.2145267
2023-04-25,2.3081462,8.989624,81.490486,1.8683668,8.434702,16.224958,3.3199868,10.355298,1.9318366,1.5058988,1.4553976,4.1262617
2023-04-26,2.5633514,9.026904,82.4381,1.916224,8.551303,16.425798,3.267989,10.472456,1.9760191,1.4652704,1.4874636,4.0414925
2023-04-27,2.8161976,9.02619,82.448845,1.954053,8.486892,16.669771,3.2345252,10.5544615,1.9969178,1.4470627,1.5290201,4.00972
2023-04-28,2.9060895,9.117876,81.48511,1.9633714,8.292287,16.704659,3.209207,10.594052,1.9907624,1.4300071,1.5510601,4.0012527
2023-04-29,2.8940694,9.257613,80.82035,1.9653871,8.186099,16.701693,3.2253337,10.606932,1.9843953,1.4214107,1.5483803,4.0614195
2023-04-30,2.8235514,9.281441,80.403046,1.9774337,8.230087,16.663038,3.3178291,10.64427,1.9891844,1.4662745,1.5230093,4.2151904
2023-05-01,2.7885082,9.306049,80.13476,2.001737,8.340714,16.361336,3.4403229,10.665245,1.9961635,1.5079279,1.4816228,4.368334
2023-05-02,2.8533208,9.372383,80.58791,2.0388556,8.48398,15.842048,3.516798,10.667889,2.010085,1.4944556,1.4529964,4.423055
2023-05-03,3.0454955,9.185623,82.615,2.0940125,8.473521,15.35333,3.5723348,10.721343,2.0191882,1.4464693,1.4365838,4.4154134
2023-05-04,3.2378063,8.816221,84.607445,2.1757572,8.282599,15.172589,3.665314,10.837584,2.0150285,1.4324337,1.4446405,4.4249544
2023-05-05,3.2906961,8.619859,86.026184,2.2268262,8.067432,15.080963,3.6797533,10.895873,1.9950279,1.3864089,1.4400258,4.34843
2023-05-06,3.2403805,8.471566,87.25635,2.286934,8.05745,15.204634,3.7336044,11.090161,2.0125077,1.3685623,1.4369462,4.310146
2023-05-07,3.1060598,8.436884,87.69689,2.354653,8.173689,15.256998,3.8062184,11.297977,2.0460122,1.3594517,1.4165298,4.293983
2023-05-08,3.0102398,8.458603,88.48071,2.4476724,8.310899,15.048242,3.8917656,11.414471,2.094465,1.3579971,1.4240111,4.3669796
2023-05-09,3.1296659,8.243726,90.95101,2.5339484,8.329174,14.692376,4.0464473,11.4759865,2.1389053,1.3871021,1.458371,4.4633055
2023-05-10,3.3539462,7.8411837,93.02394,2.6293807,8.267001,14.577113,4.229379,11.490685,2.1528873,1.4359066,1.5010824,4.5714245
2023-05-11,3.6866903,7.437981,93.74726,2.6759496,8.087878,14.571117,4.3436036,11.419202,2.1077433,1.4536599,1.5190487,4.560092
2023-05-12,4.070464,7.279978,93.4028,2.7374535,8.06686,14.67423,4.4417095,11.478698,2.0737145,1.5101368,1.529764,4.561174
2023-05-13,4.1751246,7.618997,93.834366,2.8454087,8.0551605,14.856328,4.4744654,11.577391,2.0407836,1.5545756,1.5097027,4.541357
2023-05-14,3.830988,7.9783688,92.77864,2.880817,8.077528,14.851985,4.3877907,11.489528,2.0311491,1.5422305,1.4745696,4.313189
2023-05-15,3.6739142,8.173252,91.90562,2.9148316,8.191863,14.992295,4.364366,11.584134,2.0699549,1.5988046,1.4796555,4.177624
2023-05-16,3.7820547,8.108254,91.98397,2.9752548,8.291066,15.144452,4.350178,11.63977,2.0971692,1.6679047,1.5151422,4.220004
2023-05-17,4.153847,7.821897,92.74315,3.035758,8.341523,15.521298,4.318562,11.830286,2.1088636,1.6782515,1.5515634,4.3951683
2023-05-18,4.7862706,7.7856903,92.9972,3.2629933,8.890241,16.200819,4.597282,12.651319,2.22018,1.8010001,1.6720772,4.7917643
2023-05-19,4.570912,8.147621,93.52896,3.2537537,9.011679,15.33924,4.618466,12.508843,2.1538024,1.7418981,1.6869012,4.597324
2023-05-20,4.542672,8.823847,91.50889,3.2275767,8.907078,15.095564,4.639604,12.390619,2.1112204,1.708872,1.6322304,4.28067
2023-05-21,4.4266353,9.527059,89.177345,3.173478,8.73942,15.582971,4.4268036,12.22081,2.0392134,1.6658802,1.5681499,3.8260405
2023-05-22,3.96384,10.100047,87.08713,3.1826155,8.9374695,16.116772,4.2460804,12.289374,2.0703814,1.7349459,1.5598476,3.5592942
2023-05-23,3.632895,9.8855715,87.585594,3.178261,8.894341,16.18136,4.0984674,12.345,2.100876,1.7475593,1.5873977,3.3653748
2023-05-24,3.7872083,9.432529,90.32248,3.2333024,8.349049,16.570919,3.9763255,12.755963,2.11958,1.6530619,1.6302385,3.3727002
2023-05-25,4.44491,8.763424,94.60645,3.449633,7.8269734,17.51343,4.1319857,13.244612,2.208744,1.6881434,1.7674578,3.7789533
2023-05-26,4.078842,8.769627,95.774315,3.275073,7.379388,16.95492,3.866268,12.431548,2.096657,1.5731434,1.6925087,3.3774972
2023-05-27,3.5272439,8.999845,93.781166,3.0953288,7.671303,17.066034,3.7732594,12.238524,2.0571823,1.5432526,1.5704947,3.3019137
2023-05-28,3.2296915,9.24545,91.3056,2.91691,7.8257723,16.841839,3.620398,11.983689,2.0400605,1.5700616,1.4913228,2.9541876
2023-05-29,2.5196238,8.803337,89.420555,2.8217134,7.9742656,16.125355,3.432765,11.737445,2.044129,1.6744441,1.4468566,2.6572175
2023-05-30,1.8877718,8.378263,88.46197,2.6306086,7.0932155,14.816347,3.1248837,11.113545,1.9177412,1.5399109,1.3308876,2.4106097
2023-05-31,1.955135,7.7850623,89.57997,2.4051266,6.1785946,13.718728,2.7512655,10.338418,1.7605914,1.3289747,1.1760788,2.0987115
2023-06-01,2.023968,7.692148,88.36595,2.2858896,5.767174,13.882294,2.421181,9.91773,1.6685512,1.254288,1.0899663,1.9080346
2023-06-02,2.0743937,7.7278137,87.373314,2.2112458,5.8326154,14.519597,2.210164,9.950515,1.702221,1.2737862,1.0963691,1.9975569
2023-06-03,2.0849242,7.77402,87.34606,2.087749,5.9360824,15.240276,2.246042,10.028168,1.7867237,1.3332292,1.1166091,2.2074208
2023-06-04,2.0130486,7.5612917,85.84509,1.9466774,5.9960804,15.545428,2.352219,9.940463,1.8052016,1.3473537,1.0970539,2.4191997
2023-06-05,1.7263001,7.4394603,83.97696,1.8552674,5.7340903,15.246792,2.4137025,9.816695,1.7316072,1.2922256,1.0437158,2.6016095
2023-06-06,1.6129577,7.308158,82.565926,1.7077652,4.9897966,14.72872,2.2948012,9.295392,1.5907685,1.1555481,0.97771394,2.6314178
2023-06-07,1.6380229,7.206845,81.37524,1.4943062,4.4559054,14.600186,2.1721299,8.701141,1.4744115,1.0591698,0.8810657,2.6409953
2023-06-08,1.6780753,7.132616,79.34891,1.3024994,4.537234,14.584784,2.178589,8.427454,1.4207555,1.0896232,0.76153827,2.7616758
2023-06-09,1.6461949,7.13301,76.8666,1.1585578,4.5843267,14.290617,2.2376049,8.285834,1.369238,1.2218655,0.6463226,3.009369
2023-06-10,1.7718737,6.9383698,74.59345,1.049702,4.706416,13.838252,2.3579848,8.257206,1.3172057,1.3698068,0.52809876,3.1877015
2023-06-11,1.7596647,7.050709,74.11335,0.9642122,5.0048833,13.319051,2.435223,8.102746,1.2185433,1.4209778,0.4052951,3.365408
2023-06-12,1.7504084,7.0290403,74.61184,0.8698535,5.4365625,13.537512,2.3429387,7.8372,1.0640314,1.2307296,0.2708623,3.297765
2023-06-13,1.688061,7.145723,75.09178,0.86916494,6.169903,14.509266,2.2600636,7.8777013,0.9339547,1.1327984,0.15405586,3.1740682
2023-06-14,1.5416147,7.690412,74.932625,0.962636,6.4561386,14.902854,2.2610886,7.836522,0.8771332,1.2474236,0.07229755,3.3851697
2023-06-15,1.3623725,8.132372,74.384865,1.0418487,6.4166775,14.048934,2.382692,7.508023,0.80193967,1.4728845,0.0037498542,3.8764355
2023-06-16,1.2238764,8.450154,74.357,1.0436536,6.4221325,12.881851,2.4239159,7.227983,0.6829728,1.503303,-0.0073222523,4.0187593
2023-06-17,1.0961622,8.540246,73.70428,0.96255,6.480806,12.45193,2.3084104,6.8840165,0.5699729,1.3402712,0.027106926,3.7834654
2023-06-18,0.92940676,8.691,73.52873,0.9061504,6.626001,12.002244,2.1990035,6.4428077,0.48536554,1.2147288,0.0700681,3.6067016
2023-06-19,0.8634572,8.983553,74.79698,0.93213624,6.3880363,11.226695,2.2133543,6.0880175,0.43983394,1.2181612,0.13170846,3.7064874
2023-06-20,0.9558243,9.474585,75.300026,0.9102085,5.8545856,9.96413,2.2071605,5.679263,0.3714696,1.1515036,0.18526772,3.6796522
2023-06-21,1.0409843,10.015072,74.24202,0.8244688,5.387988,9.107231,2.087826,5.4815135,0.3045893,1.0187427,0.2343358,3.4551253
2023-06-22,1.0137335,10.327102,72.97873,0.7346358,4.692761,8.886876,1.9646353,5.416522,0.26383716,0.94433385,0.29567057,3.2425318
2023-06-23,0.973394,10.361544,72.05934,0.6636391,3.9723866,9.026399,1.8881878,5.297059,0.24172951,0.9339843,0.33820355,3.1060102
2023-06-24,0.9742821,10.339587,71.528625,0.63089424,3.5039735,9.582019,1.7892945,5.1184916,0.23628365,0.8959589,0.34604427,2.9349692
2023-06-25,1.0295881,10.267341,70.76205,0.61056924,3.1225793,10.372911,1.6917686,5.0121627,0.26158792,0.8403993,0.33456516,2.7492445
2023-06-26,1.0765111,10.067312,69.99974,0.5957606,2.740408,11.458721,1.6396365,4.943821,0.30142865,0.8230283,0.3177435,2.571643
2023-06-27,1.1283371,9.629301,69.22573,0.5961822,2.6302109,12.815668,1.7110567,4.9348598,0.3554555,0.911885,0.308669,2.5138407
2023-06-28,1.1829448,9.26226,68.73817,0.60514456,2.7887793,13.811069,1.8929989,4.9222326,0.42394868,1.0781527,0.30779353,2.5893042
2023-06-29,1.1161811,9.162627,67.80805,0.6717849,3.052712,14.211856,2.1474462,5.043261,0.47760287,1.2767291,0.3041632,2.7147338
2023-06-30,1.0183702,9.145286,66.483025,0.722037,3.2188485,14.070102,2.3074267,5.2093763,0.48528314,1.3856956,0.31304285,2.740754
2023-07-01,0.97373843,9.002304,65.49611,0.6908124,3.238816,13.854016,2.3360124,5.2093406,0.47479287,1.3599942,0.33759633,2.6362562
2023-07-02,0.9864685,8.766947,65.28416,0.644535,3.4496005,14.063358,2.3105412,5.149555,0.46433133,1.3208407,0.37453344,2.5204794
2023-07-03,1.084729,8.38249,65.62025,0.6141185,3.6660001,14.550689,2.2816124,5.077664,0.4645626,1.2914732,0.4265487,2.4628227
2023-07-04,1.1403034,7.984218,66.27601,0.596713,3.538303,14.963455,2.223553,4.938303,0.47364882,1.2563179,0.47414067,2.4605885
2023-07-05,1.1033688,7.6830153,66.51388,0.5768099,3.1689687,15.098764,2.135068,4.747477,0.49087587,1.2472605,0.5087488,2.5148056
2023-07-06,1.0750871,7.4551167,66.57521,0.5505022,2.7567532,15.100482,2.0321794,4.5761905,0.5237272,1.2050662,0.5310364,2.5523336
2023-07-07,1.1099994,7.164741,66.540985,0.51892513,2.5563755,15.259321,1.9454856,4.4650064,0.57272655,1.1302403,0.555044,2.5121047
2023-07-08,1.144039,6.884355,66.631805,0.48365843,2.5404558,15.633602,1.8745329,4.3523436,0.6260001,1.0516009,0.5761125,2.4255233
2023-07-09,1.1878678,6.872622,66.40744,0.46033716,2.6103866,16.004316,1.7986763,4.174472,0.67283267,1.0064305,0.5848318,2.3423016
2023-07-10,1.2380607,7.0995474,66.04737,0.46747985,2.63361,16.205467,1.7753663,3.9161625,0.7066935,1.0202755,0.5843121,2.2961662
2023-07-11,1.2541273,7.467875,65.85615,0.5444545,2.525103,16.126534,1.872296,3.5845265,0.71664894,1.1224444,0.58244044,2.2781227
2023-07-12,1.1596168,7.792036,65.85277,0.66419786,2.2307951,15.850706,2.0481946,3.3061907,0.70072687,1.2571448,0.5909507,2.3128285
2023-07-13,1.0411577,7.81457,65.38008,0.7779711,1.7845578,15.884848,2.256948,3.1517787,0.67520076,1.3044902,0.58866787,2.2651196
2023-07-14,1.0486814,7.7790833,64.76273,0.82044166,1.2755688,16.385054,2.344479,3.0275447,0.67625844,1.17812,0.5922114,2.0243785
2023-07-15,1.0966116,7.8044086,64.70348,0.8106193,0.8389674,17.068367,2.310168,2.8912206,0.6948231,1.0444994,0.59465665,1.7036712
2023-07-16,1.0350287,8.27897,64.90358,0.78110814,0.2031431,17.012882,2.309504,2.80002,0.70564646,1.0416746,0.5794445,1.5315968
2023-07-17,1.1000447,8.896852,64.909164,0.7025072,-0.5365091,16.047623,2.3572505,2.5653298,0.67415696,1.1365374,0.5669953,1.2947085
2023-07-18,1.1926581,9.201048,65.33087,0.6295417,-1.2087202,15.138774,2.4137406,2.2317953,0.58544713,1.2585044,0.55845857,0.9880921
2023-07-19,1.2872818,9.1229515,65.37643,0.59595346,-1.6464988,14.959972,2.501367,2.020146,0.49302328,1.3028194,0.54264665,0.674702
2023-07-20,1.3324634,8.952359,65.18317,0.6264664,-1.9570694,15.275258,2.515698,2.1294117,0.4454901,1.2531755,0.5152374,0.4608368
2023-07-21,1.2934681,8.909906,65.250305,0.66173285,-2.196373,15.618763,2.4532416,2.4779994,0.42401016,1.1882412,0.4962619,0.36553103
2023-07-22,1.2985041,9.040205,65.05348,0.65341645,-2.393853,15.758276,2.3466942,2.9402966,0.42597124,1.1550492,0.484671,0.37831664
2023-07-23,1.2491963,9.245998,64.797424,0.6757132,-2.6582325,15.694091,2.2613902,3.4775434,0.4340491,1.1811075,0.49014163,0.5589038
2023-07-24,1.1496042,9.40199,64.29308,0.7085917,-3.1213136,15.477716,2.2013001,4.0565314,0.46161717,1.2348768,0.50805783,0.8870312
2023-07-25,1.0897009,9.471887,64.235504,0.70992535,-3.5395257,15.106312,2.1495235,4.699892,0.4950335,1.2625246,0.52763355,1.255349
2023-07-26,1.0421957,9.468725,64.43392,0.6912065,-3.8955245,14.568609,2.038716,5.3435926,0.5191449,1.2138379,0.5492435,1.6435108
2023-07-27,1.0434514,9.549641,64.59786,0.6529317,-4.3294435,13.7646055,1.9142205,5.999985,0.5583678,1.1558243,0.5807858,2.1072652
2023-07-28,1.1173502,9.732106,65.09089,0.61873114,-4.8151507,12.80247,1.8170772,6.634374,0.60386163,1.163894,0.6243904,2.5235827
2023-07-29,1.2332144,10.003241,65.716515,0.6298387,-5.2078915,11.801831,1.7613213,7.2141604,0.65181,1.2383554,0.6843409,2.7826107
2023-07-30,1.3627429,10.249809,66.221245,0.6802271,-5.3643174,10.886967,1.7236623,7.6563864,0.70296735,1.3037924,0.7569968,2.8889422
2023-07-31,1.4879051,10.488665,66.25074,0.7720317,-5.3120313,10.297496,1.7404337,7.960426,0.7646069,1.3283372,0.839566,3.0209756
2023-08-01,1.6126972,10.632939,66.361244,0.87209314,-5.104536,9.86601,1.7671375,8.252134,0.8395699,1.3296486,0.92379636,3.2037163
2023-08-02,1.7847471,10.710437,66.91778,1.0188072,-4.854137,9.514461,1.8410236,8.636221,0.9500575,1.3262241,1.0171703,3.5118172
2023-08-03,1.98023,10.85899,67.90991,1.215846,-4.438153,8.9887705,1.9441631,9.064767,1.068103,1.3605188,1.1147118,3.9161992
2023-08-04,2.2584484,11.234714,69.31797,1.4232581,-3.879659,8.537695,2.070318,9.546268,1.1613601,1.4191921,1.2079988,4.223678
2023-08-05,2.6104805,11.578989,70.44731,1.6230223,-3.0640767,7.9901357,2.1776848,9.996427,1.2123283,1.458278,1.3049803,4.362997
2023-08-06,2.941936,11.818034,70.78477,1.784777,-1.9961637,7.77898,2.224674,10.331681,1.2497176,1.4572812,1.3993515,4.333794
2023-08-07,3.240441,11.85347,70.409225,1.9391149,-0.7322235,8.027349,2.276064,10.672765,1.307355,1.4492935,1.4877092,4.1884613
2023-08-08,3.4826357,11.903179,69.91759,2.0526588,0.46077436,8.628307,2.320052,10.88703,1.3678714,1.4213783,1.5469856,3.9866462
2023-08-09,3.6240306,12.367114,69.89204,2.1081808,1.6179862,9.133167,2.3526967,10.843631,1.4317623,1.3454454,1.534393,3.7736678
2023-08-10,3.9462368,13.490034,71.04822,2.1228657,2.8826723,9.218778,2.444649,10.87227,1.5364926,1.319462,1.4491957,3.6914544
2023-08-11,4.4137163,15.002991,73.36362,2.1232703,4.227475,9.258532,2.6609845,10.969759,1.6656573,1.3364304,1.3968967,3.8379145
2023-08-12,4.4457564,16.3608,76.27688,2.115279,5.3654904,9.562895,2.9441044,11.037924,1.7584708,1.3015867,1.4334387,4.0667267
2023-08-13,4.1101546,17.439276,75.27385,2.0750887,5.7333326,9.896706,3.2069762,11.086459,1.7814413,1.2657875,1.4254612,4.1486063
2023-08-14,3.7193737,18.098934,72.74887,2.0380158,5.9563956,9.95466,3.5403662,11.159674,1.8373159,1.3751677,1.3994105,4.2244673
2023-08-15,2.9282837,17.496582,72.030914,2.0564964,6.224922,9.91745,4.02874,11.198577,1.9268323,1.6966068,1.3930985,4.7066903
2023-08-16,2.1883695,16.546503,74.21483,1.9173044,5.864647,9.361928,4.098315,10.345031,1.7971896,1.8251276,1.3007946,4.793242
2023-08-17,2.0725236,15.528887,77.547356,1.7929624,5.965436,9.043606,4.0426097,9.840915,1.6535558,1.7464015,1.279744,4.7706976
2023-08-18,2.2106638,14.216084,80.31253,1.7081364,6.0205064,8.930016,4.068471,9.692851,1.5569904,1.6176019,1.2817644,4.6138325
2023-08-19,2.2583358,13.372825,80.50277,1.6669601,5.738024,9.498743,4.0562563,9.672182,1.5403466,1.5677261,1.2920837,4.473566
2023-08-20,2.2004874,12.658903,79.269005,1.6214623,5.4391456,10.186374,3.9070714,9.567256,1.5390654,1.5274086,1.3071283,4.2846384
2023-08-21,2.1770847,11.746711,77.62116,1.5499241,5.2201104,10.70154,3.7367568,9.382327,1.5393871,1.4686513,1.3390577,4.077138
2023-08-22,2.2526107,10.794398,75.120674,1.4502007,4.82623,11.28402,3.6169665,9.150614,1.5252249,1.4103051,1.3738455,3.904592
2023-08-23,2.3693209,10.242848,72.455986,1.3205866,4.471744,11.972745,3.6215057,8.953313,1.4902623,1.4122071,1.3945034,3.9149916
2023-08-24,2.4025254,10.055713,70.78853,1.1905572,4.423067,12.504425,3.7370684,8.843688,1.4638221,1.4913858,1.3904558,4.1706705
2023-08-25,2.2454383,9.987596,70.41194,1.1052216,4.7298527,12.661613,3.7944722,8.690965,1.4416392,1.6036346,1.3511615,4.528122
2023-08-26,2.1524909,9.838274,71.187546,1.0761129,4.8821673,13.032676,3.7175608,8.4341955,1.4158704,1.5845416,1.2872429,4.6702814
2023-08-27,1.9693749,9.733109,72.04281,0.9870465,4.8616467,13.12216,3.5656228,7.9846,1.3702747,1.588101,1.2045484,4.6839886
2023-08-28,1.70878,10.154037,71.46781,0.8975393,5.241756,13.408264,3.5556705,7.630473,1.3749859,1.8538067,1.1836681,4.9137955
2023-08-29,1.5484428,10.721639,70.17538,0.81084114,5.661336,13.851921,3.5198803,7.445324,1.4105624,2.0606332,1.1869984,5.3578024
2023-08-30,1.4999447,10.953197,69.50163,0.71399873,5.8745975,14.521572,3.336529,7.513651,1.4795321,1.9198062,1.187717,5.389985
2023-08-31,1.7622062,11.355772,68.65058,0.63462013,5.9074435,15.837921,3.3176672,7.756305,1.6549184,1.8103074,1.2911633,5.170326
2023-09-01,1.944781,11.553822,67.48823,0.6357643,5.548418,16.927124,3.5695436,8.307498,1.8304025,1.9609439,1.4221916,5.443903
2023-09-02,1.9995434,11.315673,69.36935,0.51822,5.0332355,16.483028,3.525789,8.212088,1.8067659,1.9060278,1.4124888,5.4967666
2023-09-03,1.9455638,12.127046,70.29675,0.47692615,4.761607,16.207687,3.4479508,8.192168,1.8318952,1.8796592,1.4491843,5.4521904
2023-09-04,1.8362248,13.579246,69.83338,0.46586686,4.65678,16.024313,3.3604343,8.116699,1.8525579,1.9066705,1.4867516,5.4693613
2023-09-05,1.6597446,14.333852,69.06762,0.4462145,4.468997,16.39415,3.2412922,7.853155,1.8289791,1.9400785,1.5074605,5.5770426
2023-09-06,1.5516261,14.7216625,67.76207,0.41538697,4.329431,17.299482,3.1322627,7.639068,1.806801,1.9322231,1.5196023,5.644528
2023-09-07,1.5310733,15.151975,65.815285,0.3784693,4.1718836,18.24859,3.060943,7.569623,1.789992,1.9191238,1.5348761,5.605037
2023-09-08,1.5339423,15.332786,64.612206,0.354066,4.0463467,18.898285,3.00695,7.507585,1.7344993,1.8779856,1.5315852,5.4367533
2023-09-09,1.56053,15.193922,64.55724,0.32290387,3.8992646,19.37437,2.9184763,7.4487557,1.6641761,1.7969326,1.5248452,5.197655
2023-09-10,1.6158559,14.786314,64.38286,0.30715448,3.726081,19.872206,2.8508494,7.4715943,1.6017797,1.7603636,1.5268269,5.0257254
2023-09-11,1.6701416,13.913291,64.11026,0.31934583,3.3209434,20.1463,2.8113773,7.5051317,1.5301071,1.7611792,1.4976069,4.902349
2023-09-12,1.6011753,12.849678,64.24142,0.3829003,2.8052673,20.363466,2.7949414,7.4185176,1.424494,1.7823707,1.439789,4.8765697
2023-09-13,1.4433534,11.8974285,64.3663,0.50700414,2.6409798,21.214548,2.7688482,7.3132715,1.2774907,1.7756808,1.3325362,4.786583
2023-09-14,1.387532,10.807097,64.61658,0.6385793,3.096894,23.168297,2.6413803,7.206534,1.1225215,1.664971,1.1782253,4.442094
2023-09-15,1.5170307,9.774905,65.21331,0.73429143,3.9484744,25.709486,2.5011935,7.266102,1.0340517,1.5562483,1.0456902,3.9925444
2023-09-16,1.6430722,9.285042,65.88065,0.8448469,4.679968,28.474537,2.5059674,7.3098187,1.0121579,1.5554751,0.91143626,3.7268722
2023-09-17,1.6676855,8.865792,66.684845,0.98345596,5.199049,30.045336,2.5264735,7.2754693,0.98692054,1.6318264,0.81198543,3.8052108
2023-09-18,1.677342,8.665482,68.02846,1.1324387,5.6882105,31.3444,2.5031683,7.3001156,0.94692856,1.7300853,0.75776607,3.9282696
2023-09-19,1.6267018,8.5341625,68.74116,1.2679919,6.2033587,32.713135,2.4515424,7.409642,0.9140777,1.737201,0.73750556,3.84387
2023-09-20,1.6418847,8.377199,68.7536,1.3345262,6.4974303,34.258137,2.4138997,7.531081,0.9047228,1.6439086,0.7409477,3.595087
2023-09-21,1.7836542,8.081763,68.90942,1.3433772,6.623564,35.165405,2.431146,7.5785375,0.9222438,1.5185769,0.745445,3.3075578
2023-09-22,1.9598205,8.1477375,68.67074,1.3555578,6.518949,35.020016,2.48366,7.6414404,0.9450352,1.4360719,0.7388304,3.1537743
2023-09-23,2.2136178,8.504943,67.69586,1.4132679,6.357167,34.666763,2.572597,7.9378495,0.952871,1.3772333,0.7583143,3.0880318
2023-09-24,2.4403334,8.732636,66.55189,1.4949614,6.122878,34.370453,2.6545393,8.333994,0.9274358,1.3097198,0.8048827,2.9510128
2023-09-25,2.6446166,8.92976,65.69565,1.5853186,6.021957,34.599384,2.7234716,8.681012,0.9014071,1.240504,0.8521882,2.7785482
2023-09-26,2.82175,9.095779,65.49831,1.7026929,6.214311,35.865543,2.798063,9.024896,0.90042526,1.1782744,0.8686118,2.720547
2023-09-27,2.9059649,9.061423,65.533936,1.7979158,6.5990157,37.673286,2.8148067,9.331958,0.92416716,1.1255225,0.8479389,2.7571402
2023-09-28,2.9705954,8.970376,65.90403,1.8638481,7.0090456,39.65119,2.8069274,9.556073,0.97498685,1.0501114,0.79400337,2.8202956
2023-09-29,2.9194129,8.836104,65.99721,1.9216981,7.2721486,40.908882,2.867331,9.594342,1.0572745,1.0026714,0.7280919,2.9881008
2023-09-30,2.6067617,8.834355,65.8054,1.9729846,7.2353697,40.38844,2.9939542,9.427447,1.112102,1.0654062,0.69348013,3.3209152
2023-10-01,2.0825405,8.909104,65.516075,1.9942315,6.780011,38.63147,3.0570211,8.989788,1.0800946,1.2127804,0.6977887,3.7936273
2023-10-02,1.6738847,8.943438,64.92157,1.9770558,5.9209056,36.92932,2.9498343,8.350906,0.9923915,1.3587717,0.7336777,4.14406
2023-10-03,1.5387815,8.644931,64.58311,1.9342922,5.309407,36.144062,2.7905743,7.83098,0.90055877,1.3925779,0.7830194,4.3209133
2023-10-04,1.4477086,8.2825985,64.54646,1.9511794,5.6661863,38.446056,2.6878583,7.748685,0.90577865,1.4100125,0.85665476,4.477701
2023-10-05,1.4661424,8.016845,64.39492,2.0273886,6.929534,42.63525,2.9429278,8.178123,1.0236809,1.5246258,0.9757227,4.6256375
2023-10-06,1.9374067,7.7078123,63.945232,2.1002884,7.910571,46.383327,3.4783301,8.706242,1.1517426,1.6384706,1.0517517,4.332419
2023-10-07,2.4394836,7.800891,64.51324,2.1404335,7.9841914,47.708717,3.9571402,9.132337,1.1753651,1.7011228,1.0766848,3.8804455
2023-10-08,2.6762824,8.19759,65.83597,2.14034,7.7235684,47.315834,4.2251234,9.214557,1.1357667,1.7594234,1.0685918,3.4471064
2023-10-09,2.6944864,8.366017,66.97502,2.1627648,7.672428,46.25745,4.2821937,9.23791,1.076124,1.85269,1.0490246,3.2416062
2023-10-10,2.6417255,8.065598,68.06813,2.2158062,7.9710665,46.208843,4.1715674,9.241164,1.0181099,1.868102,0.99110913,3.2026904
2023-10-11,2.6278079,8.22857,68.49107,2.2126584,8.380941,47.08805,3.9114935,9.113749,0.978565,1.7794226,0.91323304,3.124884
2023-10-12,2.6693292,8.926016,68.339165,2.1749566,8.813042,48.457443,3.7812726,9.0891075,0.96558017,1.7129792,0.85577697,3.1900425
2023-10-13,2.6546054,9.002576,69.01601,2.1974514,9.497672,49.49669,3.8186991,9.260952,0.96350414,1.8335825,0.8038529,3.6250823
2023-10-14,2.6982083,8.94072,68.771835,2.2828002,10.035888,50.015415,3.880338,9.312874,0.970904,2.0438578,0.77647597,4.190776
2023-10-15,2.4865317,9.297922,67.75418,2.4315412,10.0560465,48.560547,3.9971352,9.421668,0.9778671,2.3666883,0.86078537,4.9779944
2023-10-16,2.2231498,9.199462,67.16131,2.468335,9.39324,45.6216,3.9437625,9.3122835,0.92089474,2.3736687,0.9535339,5.0906453
2023-10-17,2.3363945,8.654435,68.5161,2.4218183,8.973032,42.623417,3.9803638,9.334452,0.89269054,2.1816945,0.94490886,4.578403
2023-10-18,2.505915,8.5447445,69.882034,2.3811333,8.897374,36.729275,4.160867,9.17931,0.90203685,1.835876,0.9415079,3.7147086
2023-10-19,2.23281,8.505345,69.4524,2.32386,8.747471,25.816153,4.3090305,8.632618,0.7426581,1.6534625,0.9413888,3.5698984
2023-10-20,2.0860207,8.62128,68.09647,2.166094,9.7596245,20.327679,4.053093,7.8560557,0.52530843,1.6764014,0.94227576,3.9145145
2023-10-21,1.9463981,8.567354,69.68897,2.185613,10.958273,17.386568,3.7718682,7.704553,0.5012508,1.7243459,0.9733532,4.2012024
2023-10-22,1.4995047,9.157603,68.74443,2.3609407,10.862135,13.490726,3.5527704,8.39669,0.64856195,1.8079165,1.0534568,4.4415135
2023-10-23,1.3079746,9.528299,67.25329,2.5087364,10.1763935,10.071643,3.5377183,9.115303,0.72992367,1.8706294,1.1092764,4.5472946
2023-10-24,1.4286954,9.813695,66.67023,2.6416597,9.614892,6.722846,3.5230222,9.493899,0.71752614,1.9522076,1.2794774,4.7592893
2023-10-25,1.9790486,8.871512,70.959885,3.0293062,10.235921,5.1358347,3.8679504,10.108653,0.76986945,2.2654374,1.5704248,5.3841386
2023-10-26,2.0583801,8.482886,75.32066,3.2246046,10.18725,5.3420405,4.100399,10.356027,0.90932405,2.3027105,1.6191423,5.5142894
2023-10-27,1.6419976,8.853268,73.56314,3.209788,9.126352,7.128335,4.034819,10.662834,1.0830301,2.294821,1.6042612,5.4930134
2023-10-28,1.0242273,8.982658,71.9693,3.0124457,7.7669926,7.5514345,3.8308632,10.300205,1.155821,2.2442074,1.4915665,5.262685
2023-10-29,0.7254795,9.143185,67.78375,2.7864234,7.1094527,7.3639855,3.7122655,9.942618,1.1492785,2.1643145,1.3879831,4.995919
2023-10-30,0.8058898,9.200762,66.789246,2.7284758,6.760278,7.198713,3.6655455,9.829135,1.1574577,2.1466231,1.3812746,5.0078087
2023-10-31,0.7978466,9.091561,67.730095,2.6879623,6.275198,6.9534307,3.6402771,9.606331,1.1353682,2.0574048,1.3640158,5.073382
2023-11-01,1.0217942,8.882793,68.93384,2.5591815,5.854664,6.676542,3.4689562,9.259877,1.101268,1.9310457,1.3461132,4.928227
2023-11-02,1.0055652,8.8788185,70.1049,2.443147,5.7613463,6.232469,3.3131542,9.072765,1.0858034,1.8635455,1.3259836,4.6623683
2023-11-03,0.91672784,8.9213295,70.98481,2.328009,5.5477786,5.629586,3.1304357,8.983999,1.0902069,1.7626333,1.3127913,4.18904
2023-11-04,0.9280461,9.07573,71.013626,2.2331398,5.5730996,5.135594,2.9879017,8.976956,1.1084782,1.8043659,1.3463742,3.8909674
2023-11-05,1.047291,9.183223,70.52107,2.082524,5.8433433,4.744405,3.0979455,8.8865595,1.0703807,1.903347,1.3542367,4.148844
2023-11-06,1.2301877,8.998696,69.903435,1.8735157,5.8936715,4.35717,3.336963,8.640089,0.95816207,1.8357217,1.305531,4.758317
2023-11-07,1.3466882,8.924275,69.82523,1.7102919,5.791052,4.378778,3.3263383,8.171081,0.86996305,1.7262641,1.2319808,5.194177
2023-11-08,1.2931801,8.856907,70.33316,1.6147627,5.5046325,4.7723193,3.077355,7.6466475,0.80573195,1.6137533,1.1602123,5.1187363
2023-11-09,1.2506028,8.722443,69.87783,1.5732101,5.045955,5.542604,2.9162967,7.3391433,0.7792666,1.5498139,1.1295003,4.898124
2023-11-10,1.0608212,8.745591,67.86477,1.6294677,4.854516,6.6629057,3.0316975,7.2289767,0.7742827,1.6219702,1.1089829,5.06539
2023-11-11,0.89245075,8.7212925,65.27153,1.6829836,4.8679247,7.8791966,3.220347,7.160341,0.7992669,1.6795539,1.087379,5.402636
2023-11-12,0.95013463,8.351416,63.469883,1.6197511,4.87964,8.124455,3.0879798,6.8151717,0.85103273,1.5189822,1.054519,5.068074
2023-11-13,0.6947612,7.915552,63.37617,1.6000693,4.7779603,7.913236,2.8851972,6.501758,0.890679,1.4616693,1.031517,4.6365666
2023-11-14,0.7088212,7.573533,62.93606,1.6056043,4.5677643,8.389317,2.8290424,6.1716866,0.9710538,1.4320639,1.0846144,4.4269314
2023-11-15,0.75090456,7.621598,62.387146,1.6846166,4.392219,9.249625,2.849271,5.984961,1.0758005,1.4457122,1.1648816,4.405329
2023-11-16,0.71682644,7.838377,62.40531,1.709948,4.1021156,10.309484,2.7893937,5.891732,1.158966,1.417229,1.2346296,4.378184
2023-11-17,0.60465795,8.19652,63.66998,1.6371782,3.758925,11.412431,2.6439674,5.7929883,1.2113752,1.3587723,1.2874827,4.2533092
2023-11-18,0.403395,8.819952,65.5186,1.5545859,3.4273517,12.472751,2.541342,5.762626,1.2601662,1.320063,1.3273802,4.14803
2023-11-19,0.29045296,9.719299,66.926315,1.5008582,3.2985725,13.5879,2.5662117,5.893768,1.3359119,1.3492182,1.3678045,4.295301
2023-11-20,0.21659683,10.907116,67.39337,1.4639733,3.34634,15.02014,2.6974077,6.314035,1.409809,1.4420716,1.4176042,4.696411
2023-11-21,0.23417681,11.787961,66.988075,1.3690777,3.2835233,16.194096,2.7649412,6.890743,1.4323608,1.4675447,1.4475328,4.7353787
2023-11-22,0.21903141,12.244559,66.7646,1.2487953,2.9388883,17.332682,2.7142112,7.161597,1.4322133,1.477206,1.4710191,4.589886
2023-11-23,0.3031111,12.230496,66.7749,1.1390053,2.4152553,18.81434,2.6521084,7.2213745,1.4076527,1.4482167,1.4846418,4.3401265
2023-11-24,0.40338793,11.819776,66.08618,1.0725611,1.6576178,21.141943,2.6158776,7.309897,1.3521781,1.4498404,1.4927187,4.16368
2023-11-25,0.46719512,10.906054,65.04486,1.0693345,1.4126918,23.871443,2.6504717,7.3575377,1.2371951,1.5131272,1.4470289,4.105185
2023-11-26,0.58767486,10.18237,64.00251,1.0907851,1.9893003,26.95193,2.636941,7.388751,1.0862575,1.4644297,1.3288813,3.9715059
2023-11-27,0.72702056,9.748039,63.423317,1.1747942,2.5532897,29.496843,2.6541042,7.5309324,0.959493,1.4688914,1.2411613,3.85938
2023-11-28,0.707555,9.38461,65.22138,1.3169606,2.9267218,32.210575,2.771686,7.7378616,0.85762346,1.5844405,1.1483353,3.8989859
2023-11-29,0.6305934,9.027593,67.37371,1.4332445,3.2430615,34.364822,2.8655062,7.865315,0.7816094,1.6929363,1.0533931,3.9642296
2023-11-30,0.5718872,8.794689,68.77457,1.5057322,3.5081382,36.743267,2.831821,7.8696814,0.7658776,1.6714673,0.9788746,3.7699049
2023-12-01,0.5594158,8.709479,68.99879,1.4748985,3.8036778,39.261837,2.7121394,7.678734,0.8209663,1.5209144,0.9156126,3.2716444
2023-12-02,0.57403433,8.80136,69.20189,1.3715423,4.096468,40.687675,2.6575716,7.351424,0.8859373,1.3366657,0.8860633,2.7917192
2023-12-03,0.66952413,8.871404,68.83661,1.269813,4.246382,40.68034,2.6045947,7.118078,0.94187075,1.1851679,0.863307,2.5511649
2023-12-04,0.87213063,8.619993,67.371895,1.2207205,4.3267164,40.720116,2.5354528,7.1562977,0.97920996,1.0533285,0.8250578,2.4075527
2023-12-05,1.0314064,8.210902,66.19893,1.2261766,4.286855,40.160526,2.4665082,7.402013,0.99091494,0.9666802,0.7744406,2.3073802
2023-12-06,1.0528337,7.824265,66.18098,1.279825,4.4884033,40.088413,2.4999213,7.6317306,0.9634603,0.98346037,0.72352517,2.379043
2023-12-07,0.9889155,7.4996147,67.157524,1.3688694,4.9740806,41.82468,2.6334145,7.9175067,0.97016466,1.0434545,0.73059267,2.6946983
2023-12-08,0.9289833,7.3897247,67.73588,1.416326,5.4968305,43.610462,2.670641,7.9937296,1.042434,1.0569215,0.7651021,2.8560908
2023-12-09,0.9870518,7.445557,66.92474,1.4107331,5.6403003,43.723717,2.640278,7.753276,1.1197786,1.0523677,0.7773163,2.7644103
2023-12-10,1.0477651,7.3244076,66.25854,1.38745,5.38321,42.289562,2.6748483,7.345449,1.135837,1.1038153,0.7587471,2.7288942
2023-12-11,0.9508572,7.077517,66.39637,1.3708557,5.1186543,40.073364,2.677779,6.862587,1.1162541,1.1534965,0.728905,2.7659624
2023-12-12,0.8501265,6.9542246,66.61066,1.3904034,4.8154263,38.9429,2.5940623,6.515555,1.1098541,1.1691607,0.72683895,2.856739
2023-12-13,0.77162546,7.236738,66.59845,1.4021492,4.5049367,39.1035,2.475246,6.2958846,1.13258,1.1673293,0.74170256,2.860926
2023-12-14,0.6944848,7.717111,66.58965,1.4156122,4.3200984,39.623707,2.4229362,6.1578026,1.167612,1.1938418,0.7492966,2.876133
2023-12-15,0.654817,8.058614,66.3107,1.4389074,4.319409,40.79777,2.4728994,6.1633663,1.2015833,1.2371535,0.7470092,2.9582105
2023-12-16,0.6800221,8.116915,65.79582,1.4714559,4.4439387,42.24071,2.545588,6.2427034,1.2349763,1.257254,0.7340929,3.0287817
2023-12-17,0.7712195,7.964625,65.162285,1.4912612,4.6050777,43.236195,2.5838645,6.317202,1.2666124,1.23494,0.71772903,3.0133903
2023-12-18,0.8991283,7.824534,64.48546,1.5037168,4.6941814,43.420097,2.6409333,6.381047,1.2871475,1.2285187,0.7047777,2.9919329
2023-12-19,1.0033708,7.8126974,64.09949,1.5304942,4.7813187,43.312847,2.74108,6.5061545,1.2895944,1.2697803,0.7151459,3.0568311
2023-12-20,1.0113261,7.8678164,64.19741,1.5749658,4.9983683,43.346222,2.8397195,6.64482,1.2851813,1.3324927,0.75007474,3.1882203
2023-12-21,1.0019352,7.9105797,64.40571,1.6309832,5.3799157,43.698742,2.9464176,6.8619137,1.2885165,1.4040222,0.8125566,3.3793273
2023-12-22,1.0470586,7.9088387,64.39452,1.6896592,5.831761,44.37527,3.1112819,7.2044983,1.299773,1.4817215,0.8887697,3.5876827
2023-12-23,1.1778129,7.797356,64.45707,1.7618836,6.2869544,45.330376,3.3663938,7.7281575,1.3205123,1.567641,0.9836297,3.771094
2023-12-24,1.4523981,7.6192102,64.506905,1.843638,6.5764847,45.86177,3.6804874,8.427418,1.3203461,1.6728586,1.0256283,3.8296843
2023-12-25,1.8379998,7.5473757,64.79007,1.8939639,6.6388335,45.330276,3.8782787,8.889957,1.2894502,1.7083188,1.019563,3.6409085
2023-12-26,2.102377,7.647482,65.62319,1.899515,6.6225553,44.14059,3.9733915,9.196645,1.2390385,1.7652969,1.009181,3.4850252
2023-12-27,2.1418939,7.8637223,66.76445,1.8991234,6.841529,42.863403,4.005931,9.241546,1.1805189,1.8091364,0.9978527,3.418259
2023-12-28,2.1664214,8.087995,67.607834,1.9359676,7.501909,42.71395,4.0289683,9.226725,1.1342164,1.8422881,0.9742401,3.4868245
2023-12-29,2.1553864,8.360989,68.74473,1.9917738,8.429649,43.42263,4.013919,9.191385,1.0988626,1.9026427,0.9486526,3.6011195
2023-12-30,2.0770204,8.635057,70.105354,2.0660634,9.519838,44.27317,3.9152625,9.208589,1.0617394,2.0291462,0.9162163,3.8434787
2023-12-31,2.1608574,9.006353,70.92025,2.1265996,10.4614725,45.24316,3.6805382,9.16059,1.0242075,2.0246658,0.8639848,3.9020996
2024-01-01,2.2977917,9.249734,70.766045,2.222446,11.120516,45.984177,3.6259732,9.229074,1.0390072,2.0522263,0.8497179,4.1701903
2024-01-02,2.315798,9.192512,70.148094,2.331603,11.213802,45.45584,3.8420346,9.533301,1.0355917,2.2081835,0.86583424,4.675242
2024-01-03,2.6734097,8.94998,70.55609,2.4252994,11.037494,44.69105,4.1490636,9.577052,1.0186263,2.202483,0.90926373,4.618011
2024-01-04,2.5866797,8.88218,71.81676,2.5196369,10.281124,41.3349,4.342338,9.573806,0.99644405,2.2599535,0.9407656,4.6000314
2024-01-05,2.519449,9.176046,72.005424,2.557931,9.425213,35.505325,4.3701167,9.346543,0.9222483,2.1849682,0.9424541,4.409547
2024-01-06,2.3993216,9.174148,72.76383,2.5804708,9.274823,28.780018,4.2747602,9.035376,0.7925886,2.0450923,0.976758,4.3030844
2024-01-07,2.0125813,9.180553,72.14431,2.5370827,10.0666,19.062843,3.929247,8.52746,0.6835379,1.804317,0.9880116,4.11685
2024-01-08,1.5664688,8.579676,71.85293,2.4873877,10.657007,10.973708,3.5710537,8.363589,0.61900985,1.7451077,1.0050409,4.2839713
2024-01-09,1.3064969,8.483692,71.666695,2.5767927,9.962164,6.4103775,3.5096943,8.753604,0.6643881,1.8959812,1.0932703,4.683419
