Timestamp,Adam Joseph Lewis Center - Gross Electricity Consumption (kWh),Kohl Building - Total Electricity Use (kWh),Science Center - Electricity Use (kWh),Asia House - Residential Electricity Use (kWh),East - Electricity Use (kWh),Kahn - Total Electricity Use (kWh),Noah - Electricity Use (kWh),North - Electricity Use (kWh),Fairchild - Residential Electricity Use (kWh),Harvey - Electricity Use (kWh),Talcott - Residential Electricity Use (kWh),Lord-Saunders Electricity use (kWh)
2023-01-10,4.6086245,8.918864,88.50981,1.9845514,5.8195996,10.125177,1.8350358,2.6120877,1.0556712,1.0546306,0.9777883,1.9973854
2023-01-11,3.7270708,8.829932,90.43997,1.9819499,5.9877796,9.790707,1.808901,2.9520092,1.114613,1.0819744,0.98023885,1.8876992
2023-01-12,2.7034907,8.999493,92.59846,1.9471679,6.2568903,9.752617,1.8444196,3.383801,1.1281047,1.2140499,1.0048714,2.1415997
2023-01-13,2.5933712,8.424916,93.73178,1.9513808,6.38247,10.012092,1.9167767,3.7020793,1.1764265,1.1885679,1.0308836,2.5739732
2023-01-14,3.681867,7.308153,95.38076,1.9065982,6.248529,10.695629,1.9333881,4.2494664,1.1932749,1.0494454,1.061285,2.911078
2023-01-15,4.466717,5.8912816,99.533134,1.8797712,6.5131903,11.704802,1.9849977,5.125584,1.1747311,1.0600933,1.128049,3.3072517
2023-01-16,4.457468,5.5919557,99.7759,1.8010322,6.0610843,11.583705,1.9850228,5.166417,1.0869194,1.0885712,1.0988313,3.1904242
2023-01-17,4.219276,5.845031,100.02718,1.7102271,5.8384438,11.3665085,1.9108754,4.9615088,1.0115085,1.0393875,1.0443014,2.9075062
2023-01-18,4.02493,6.5271263,96.7977,1.6184028,5.3890347,11.002035,1.8084146,4.721023,0.9537785,0.9416851,0.9725429,2.6438336
2023-01-19,3.7224073,7.0542765,93.13236,1.4983063,4.9923787,9.987234,1.6426975,4.4205265,0.8697302,0.8107429,0.8763827,2.3333392
2023-01-20,3.4073756,7.2703786,91.61405,1.416078,4.7100544,9.106964,1.4566274,4.069414,0.7673926,0.7278595,0.79636705,2.17665
2023-01-21,3.4254494,7.54039,92.977776,1.409664,4.5217915,9.244637,1.3501087,3.8329387,0.7251066,0.7104791,0.73926824,2.2650034
2023-01-22,3.8425543,7.9979663,95.28243,1.470879,4.2968163,10.203614,1.3424712,3.7720344,0.74996346,0.7435323,0.68773746,2.4066272
2023-01-23,4.3147297,8.566389,96.837814,1.5394689,3.9877596,10.880422,1.4685551,3.8385913,0.7974186,0.78800386,0.65204495,2.4810526
2023-01-24,4.4666533,8.969868,97.83529,1.5864773,3.6277764,10.830953,1.6422986,3.9089074,0.8383192,0.816715,0.6275231,2.4066133
2023-01-25,4.2793856,9.356955,96.90503,1.599356,3.5468614,10.216458,1.7634765,3.8954897,0.8547846,0.8200731,0.60755724,2.2273865
2023-01-26,3.9319098,9.772312,94.993576,1.5474161,3.732396,9.377107,1.823179,3.9092734,0.8307543,0.8211974,0.61620325,2.0178921
2023-01-27,3.5095162,10.069732,94.41942,1.4758364,4.2351604,8.497362,1.856052,4.0436134,0.7949621,0.8472899,0.66658545,1.8289855
2023-01-28,3.1293652,10.097458,97.05362,1.4098073,5.040834,7.9348235,1.9115087,4.2751737,0.7789625,0.93021154,0.72232294,1.7705417
2023-01-29,2.9448504,9.968861,101.35609,1.3352224,5.5357556,7.6424685,1.9573158,4.3949924,0.77882904,1.0110708,0.74155045,1.8139547
2023-01-30,2.931246,9.839956,105.13427,1.2871627,5.6714354,7.3717256,2.0003433,4.3780236,0.8117922,1.0200876,0.723885,1.8713315
2023-01-31,3.1344383,10.209345,106.7304,1.2620296,5.970362,7.4219136,2.054706,4.178342,0.9060337,0.96531683,0.66451705,1.9770063
2023-02-01,3.6163287,10.965457,103.52096,1.2617906,5.846251,7.8277354,2.1284852,4.0282745,0.9908691,0.9382981,0.6035697,2.3398578
2023-02-02,4.0531874,11.925546,99.86727,1.316504,5.524583,8.070857,2.1272252,4.2021866,1.0124352,0.9392475,0.54777396,2.6088603
2023-02-03,4.0993247,12.655323,97.17218,1.4098442,5.3072476,7.7992435,2.0495937,4.4326987,1.0240303,0.9789299,0.53032166,2.6511416
2023-02-04,3.8593261,13.140937,94.62871,1.4622835,5.1203933,7.2784543,1.9799448,4.6381745,1.0115008,0.9999726,0.54781264,2.5613487
2023-02-05,3.6271129,13.782433,93.86872,1.5250864,5.250446,7.2664833,1.9623975,4.9170594,1.0242833,1.0135205,0.581983,2.4920516
2023-02-06,3.5714102,14.830171,94.97415,1.6158091,5.7223825,7.5568414,1.9910144,5.273417,1.0612001,1.0453402,0.6353776,2.5385258
2023-02-07,3.8321397,16.054922,97.33239,1.6648827,6.2306523,7.8802247,2.0510464,5.713578,1.1128173,1.0751345,0.6972428,2.697041
2023-02-08,4.2782493,17.164955,98.838455,1.6930335,6.695241,8.30664,2.1518924,6.2367363,1.1612866,1.1008263,0.7607788,2.8315158
2023-02-09,4.793668,17.974016,98.68773,1.7068169,7.232585,8.830351,2.2610905,6.9121666,1.2284805,1.1295583,0.82330716,2.9290342
2023-02-10,5.335304,18.088087,96.15391,1.6746323,8.129262,9.384236,2.280484,7.7982693,1.296881,1.1717772,0.8923536,2.9808612
2023-02-11,5.341931,17.382753,92.84579,1.6513612,9.005404,10.17137,2.1732068,8.557554,1.3420507,1.1717842,0.95231545,2.9283082
2023-02-12,4.5619316,16.133976,90.49133,1.7005168,9.582979,10.966514,2.0335293,9.174086,1.3669605,1.1601213,1.0068307,2.8377984
2023-02-13,3.5709298,15.673248,90.73762,1.7300425,9.95569,11.415583,2.0143275,9.305789,1.323387,1.1496263,1.0359787,2.8546762
2023-02-14,3.1748428,16.19815,93.29977,1.692501,10.013697,11.13789,2.0752907,8.760282,1.2308038,1.130372,1.0582538,2.794347
2023-02-15,3.9765503,17.318584,96.717865,1.4690107,9.890939,10.573236,2.041357,7.7856436,1.1329974,1.0669365,1.0663882,2.5275521
2023-02-16,5.3129897,18.503262,101.814354,1.3556743,10.304198,10.274608,1.8839788,7.4098063,1.1248951,1.0526074,1.1646186,2.507521
2023-02-17,6.341991,20.105505,104.111046,1.3484212,10.690261,9.899663,1.8148988,8.00887,1.2022839,1.0849645,1.2630496,2.6814153
2023-02-18,6.6506953,21.823887,103.763,1.4333994,10.942958,10.290812,1.9139165,9.084483,1.3032808,1.1520717,1.3482108,2.820221
2023-02-19,6.339486,22.450533,101.81214,1.5481532,11.039256,11.220087,1.9510096,10.170217,1.3958335,1.2036135,1.4316456,2.7914298
2023-02-20,5.5091887,21.296186,99.484886,1.5858963,11.032019,11.76248,1.8564863,10.646497,1.40646,1.1766361,1.4602705,2.529613
2023-02-21,4.7492256,19.62702,97.468544,1.5713254,10.81665,11.704931,1.6325938,10.233279,1.3351939,1.1093739,1.4368045,2.2622447
2023-02-22,4.4475584,18.71927,97.04617,1.5578701,10.588761,11.423053,1.404297,9.344328,1.2366694,1.0439492,1.3942446,2.1148787
2023-02-23,4.7730575,19.118723,99.204544,1.539276,10.342055,10.4526825,1.2012898,8.4091625,1.1683258,0.9811295,1.3682824,2.0495596
2023-02-24,5.4724073,20.79437,103.09428,1.5070614,9.858216,8.976453,0.9819009,7.845079,1.1264424,0.94022197,1.3784844,2.167892
2023-02-25,6.1535597,22.816986,106.449486,1.525079,9.387682,8.084986,0.900436,8.08098,1.139398,0.95284647,1.4218926,2.5129542
2023-02-26,6.5495567,24.2941,106.75336,1.553609,9.272902,7.992896,0.9273264,8.944129,1.2052484,1.0131903,1.4912548,2.9008675
2023-02-27,6.525846,24.441015,103.99487,1.5039966,9.248634,8.082665,0.97817045,9.79559,1.2713329,1.0670555,1.5362726,2.9462879
2023-02-28,6.0758147,22.952385,100.3804,1.4788151,9.16611,8.126701,0.9944627,10.230729,1.3195689,1.0780046,1.5346227,2.6298592
2023-03-01,5.386187,20.799555,97.14716,1.5077751,9.076852,8.11797,0.9308681,9.965259,1.3038628,1.0472461,1.5114249,2.228209
2023-03-02,4.9166837,19.488558,96.09705,1.5524516,8.76188,8.060435,0.80540484,9.214884,1.2406509,0.9827944,1.4736155,1.8494602
2023-03-03,4.959457,19.6364,97.13834,1.6252182,8.4288645,7.922915,0.67312586,8.44279,1.1972396,0.91950744,1.4584588,1.6218264
2023-03-04,5.43641,20.884771,99.73707,1.7176303,8.137832,7.5870614,0.5673917,8.018523,1.1930965,0.91911757,1.4679497,1.6064085
2023-03-05,6.0494237,22.541481,102.3521,1.8734974,8.048961,7.628167,0.58434504,8.206243,1.2540456,0.97947973,1.5029074,1.8588997
2023-03-06,6.327789,23.949009,102.825485,1.9848943,8.561456,7.8428574,0.66309977,8.613783,1.3416411,1.0792332,1.5166457,2.217683
2023-03-07,6.114688,24.162214,100.072075,1.9934611,9.546108,8.031638,0.69583845,8.882168,1.4212966,1.1924903,1.4936081,2.514138
2023-03-08,5.681265,22.43188,95.601494,1.9391515,10.303483,7.985015,0.6228696,8.978543,1.4385415,1.2830236,1.470739,2.5770175
2023-03-09,5.315286,19.64173,92.03781,1.8678013,10.128056,7.494725,0.60986,8.806165,1.3725111,1.2834519,1.4472824,2.2684171
2023-03-10,5.198657,18.088219,89.37757,1.8041304,9.553332,6.659766,0.70533866,8.460489,1.2749819,1.2269554,1.4237274,1.9982677
2023-03-11,5.1372504,18.087236,87.5071,1.6860659,9.056139,5.6698723,0.82302606,7.8961525,1.1731718,1.1704372,1.3685244,1.8168696
2023-03-12,4.955804,18.995264,86.83076,1.5601563,9.035516,4.855671,0.91987956,7.3727684,1.0919951,1.155946,1.27324,1.7464567
2023-03-13,4.5747204,20.26632,87.53459,1.4599447,9.377793,4.2732873,1.0016315,7.09905,1.0314485,1.167432,1.1554824,1.8147018
2023-03-14,4.238417,21.123783,88.15504,1.4067944,9.656695,3.9823718,1.0192946,6.9938745,0.99012727,1.179691,1.0545267,1.916643
2023-03-15,4.215826,21.758612,87.78167,1.3619913,9.530078,3.5226912,1.0392505,6.883658,0.95664155,1.1533198,1.0030687,1.972885
2023-03-16,4.449034,22.397837,86.45363,1.3276125,9.418573,2.9669101,1.0569489,6.8738666,0.9380583,1.1193967,0.98000604,2.072436
2023-03-17,4.4988356,22.574413,84.67286,1.316997,9.418457,2.4253263,1.0555782,7.0154386,0.92511815,1.1067324,0.9647801,2.2218282
2023-03-18,4.3237786,22.081703,82.997444,1.3290023,9.452051,1.976325,1.0718534,7.158613,0.91594034,1.1215101,0.95601314,2.3922863
2023-03-19,3.947694,21.092169,81.01996,1.3447659,9.357642,1.5344372,1.1149279,7.234645,0.8943437,1.1261054,0.9624679,2.4778883
2023-03-20,3.498346,20.024952,78.70493,1.360898,9.206562,1.1969151,1.1569494,7.2877564,0.8602885,1.1114318,0.98560214,2.455007
2023-03-21,3.1828556,19.303074,76.64339,1.4045986,9.086268,1.0753251,1.1922756,7.3650928,0.8275267,1.0996196,1.0142796,2.4047182
2023-03-22,2.9173584,19.032795,74.61376,1.4911884,9.232632,0.9328706,1.2257351,7.5533257,0.8068741,1.1002827,1.0498608,2.3263054
2023-03-23,2.7858458,19.285816,73.3347,1.6258993,9.633739,0.77637595,1.2796409,7.8921623,0.8175604,1.1321207,1.0945779,2.2210896
2023-03-24,3.0330703,20.009869,73.66115,1.7948632,10.110286,0.83515143,1.3631306,8.381319,0.8702201,1.1804932,1.1570119,2.186446
2023-03-25,3.4943378,20.987503,75.06402,1.9905087,10.724516,1.1041096,1.5272183,9.047443,0.9628992,1.2712098,1.2380576,2.3246624
2023-03-26,3.7448633,21.70664,76.85409,2.1444008,10.985255,1.8199773,1.7557151,9.660311,1.0303538,1.3955905,1.3401201,2.5789292
2023-03-27,3.775238,21.982096,78.68639,2.191911,10.913461,2.6009138,1.992282,9.949651,1.0668324,1.4737805,1.4083006,2.7943442
2023-03-28,3.4801557,21.369541,79.23474,2.205615,10.788281,3.1757343,2.2032917,10.143918,1.0913208,1.538426,1.4418911,2.917127
2023-03-29,3.0241833,20.330978,78.96323,2.2094672,10.716851,3.412163,2.448567,10.338069,1.1011127,1.5783895,1.4573594,2.9178407
2023-03-30,2.7023118,19.816965,81.452896,2.300426,10.659225,3.8440557,2.6970525,10.749726,1.1197008,1.6548764,1.4909964,2.9177835
2023-03-31,2.8238702,19.693495,87.045525,2.3698223,10.935589,4.5497,2.9527082,11.145714,1.1187809,1.6971711,1.5350425,3.0785575
2023-04-01,3.5924528,19.931469,94.29426,2.3841026,11.686512,6.0040064,3.1591525,11.516177,1.1288875,1.7010256,1.5720044,3.5540688
2023-04-02,4.6343102,20.61787,99.202194,2.3636477,12.625439,7.8246074,3.2517939,11.867571,1.1854001,1.6869204,1.6054802,4.2252803
2023-04-03,5.1414995,20.209574,97.29055,2.2633433,13.269644,9.111424,3.0630288,11.9427595,1.2194352,1.6694235,1.5899049,4.5104265
2023-04-04,4.751993,17.857225,90.23155,2.0580018,13.03393,9.924496,2.6466172,11.8268795,1.2120327,1.6387854,1.5076572,4.2232056
2023-04-05,3.866426,15.340419,85.7359,1.9077933,11.726845,9.898796,2.2879872,11.26966,1.1650574,1.5671066,1.4505463,3.618953
2023-04-06,3.2744772,15.279236,86.73742,1.8736829,10.648709,8.815873,2.2090807,10.612557,1.0581398,1.4670844,1.372423,3.3511405
2023-04-07,3.718792,16.601448,89.33685,1.8006738,9.755972,7.6625543,2.2042127,9.631073,0.93259925,1.3162879,1.3015895,3.340275
2023-04-08,5.0056257,18.518658,94.118996,1.7435312,9.56772,7.0533314,1.9786267,8.901014,0.86714447,1.2255388,1.3354102,3.420907
2023-04-09,6.3424063,20.670856,96.34641,1.7353365,9.735688,7.0062785,1.7048329,9.060938,0.89463764,1.2791759,1.4510227,3.860595
2023-04-10,6.671473,21.562101,94.753265,1.7204411,9.575332,7.2338142,1.5679622,9.682886,0.94534093,1.3744351,1.5269889,4.045324
2023-04-11,6.0225444,19.898596,91.13234,1.6451371,9.49832,7.5244336,1.4955546,10.006682,0.97752523,1.3704561,1.5548171,3.6646423
2023-04-12,4.9460654,17.892605,87.31569,1.6295323,8.912379,7.868399,1.4155995,9.832438,1.0191585,1.2852579,1.5229822,3.065734
2023-04-13,3.821898,16.810743,85.06978,1.6262107,8.026588,7.8363705,1.3102058,9.114462,1.0037706,1.171132,1.4420378,2.6556537
2023-04-14,3.6320767,17.40642,85.976105,1.5636001,7.758402,7.6117544,1.1614563,8.239203,0.9392131,1.0451124,1.3513435,2.4818313
2023-04-15,4.5225573,19.455473,90.73414,1.5147911,7.5926957,6.870179,0.9919012,7.65092,0.88131404,0.937291,1.3099941,2.2601027
2023-04-16,5.6842,21.731785,96.39095,1.575799,7.3192334,6.8049474,0.79441905,7.5132446,0.86801374,0.9172452,1.293103,2.258605
2023-04-17,6.188596,23.735828,100.70305,1.6819437,7.296043,6.4137945,0.78528595,8.079776,0.9563559,0.9784369,1.3202895,2.6648273
2023-04-18,5.8775363,23.90994,103.10961,1.7687533,7.9635477,6.3989053,0.897728,8.574174,1.0695587,1.0783539,1.3489013,3.2271066
2023-04-19,5.1297717,22.268652,99.590996,1.7374434,8.761053,6.4923472,1.0329173,8.830265,1.1468592,1.1137933,1.308529,3.49055
2023-04-20,4.477528,19.375187,91.74432,1.6026368,8.952172,7.094116,1.0088241,8.578246,1.12251,1.0573659,1.231103,3.022935
2023-04-21,4.0405555,17.343197,87.201004,1.582534,8.487524,7.286568,0.8548243,8.564779,1.0918502,1.054334,1.2533453,2.3761396
2023-04-22,4.5476394,17.198483,88.35746,1.5673828,8.1178875,6.9418964,0.79090685,8.175672,1.0532278,0.9757115,1.3009794,1.9647411
2023-04-23,5.5608125,18.75118,92.31985,1.5608126,7.758874,6.931606,0.7561535,7.7728033,1.039548,0.9190386,1.3361478,1.8949217
2023-04-24,6.240877,20.887085,96.59015,1.6143322,7.7752604,6.570157,0.81159,7.914782,1.0859551,0.97561383,1.3583151,2.0058477
2023-04-25,5.975997,21.933819,100.0125,1.7539905,8.470671,6.316987,0.92568016,8.368022,1.1661608,1.0955813,1.3511306,2.375944
2023-04-26,5.0924826,20.88961,98.480835,1.8203969,9.324164,6.1510334,0.94225085,8.534858,1.210244,1.1656729,1.3022801,2.7554405
2023-04-27,4.621078,19.363514,94.3496,1.8289851,9.84428,6.414044,0.90755147,8.535666,1.2119476,1.2066895,1.2738535,2.7944038
2023-04-28,4.5638223,18.05916,90.34779,1.8552606,9.665319,6.775937,0.8934368,8.654879,1.2201679,1.2125258,1.345284,2.5606174
2023-04-29,4.7955174,17.591198,88.69527,1.8831306,9.241714,6.8009014,0.9031343,8.57598,1.2114952,1.1584013,1.4206221,2.3698344
2023-04-30,5.2730646,17.904871,87.613976,1.860358,9.081038,6.5127916,0.8933918,8.404566,1.2089844,1.1319882,1.4514467,2.3333879
2023-05-01,5.4752493,18.761295,87.26041,1.8397489,9.127149,6.1063957,0.92743945,8.2500725,1.2027277,1.1450499,1.4401661,2.3609807
2023-05-02,5.3580585,19.859581,87.154785,1.8330246,9.338355,5.6933784,1.0129112,8.186698,1.2065426,1.1689422,1.4240866,2.4197488
2023-05-03,5.1219206,20.843805,87.10619,1.8179916,9.635865,5.309505,1.0926853,8.203039,1.2123348,1.1951821,1.4134607,2.4940991
2023-05-04,4.923937,21.50581,86.88909,1.7973429,9.881217,4.9717536,1.168935,8.265848,1.214179,1.2234238,1.4023256,2.5830655
2023-05-05,4.8955994,21.905561,86.652115,1.7973849,10.028334,4.6440434,1.2465824,8.381629,1.2204385,1.2446023,1.4023159,2.6747277
2023-05-06,4.9893637,22.20841,85.93752,1.8387573,10.347676,4.28124,1.3052285,8.619144,1.2410636,1.266323,1.4357347,2.7715845
2023-05-07,5.1462603,22.37627,84.88438,1.8686087,10.986062,4.122375,1.3635572,8.911455,1.2722634,1.2959574,1.4748361,2.9429
2023-05-08,5.201567,21.988293,83.51046,1.8695768,11.588334,3.9613297,1.3999219,9.122265,1.3013271,1.3257072,1.5044549,3.1843734
2023-05-09,5.130602,21.27203,82.16534,1.8501002,11.754815,3.6083546,1.3965619,9.1358185,1.2979587,1.315857,1.5223877,3.2796886
2023-05-10,4.8416963,20.553364,81.4207,1.8202412,11.696054,3.164048,1.3788666,9.0724535,1.2752641,1.3027414,1.5173525,3.2845213
2023-05-11,4.3415217,19.864729,81.34428,1.8093417,11.445553,2.7144446,1.4404153,9.026734,1.2320082,1.278515,1.4961773,3.2883282
2023-05-12,4.0263724,19.596668,82.02588,1.827664,11.119477,2.4198215,1.5615789,8.995935,1.1861523,1.2607355,1.4899851,3.343224
2023-05-13,4.128699,19.895535,83.555725,1.8741693,11.134443,2.3023877,1.6961961,9.097128,1.1770167,1.2823757,1.518379,3.5364397
2023-05-14,4.5103173,20.45206,84.75933,1.9307932,11.361874,2.3776739,1.8390466,9.340563,1.2054611,1.3353709,1.5877875,3.7927613
2023-05-15,4.848894,20.777527,85.00382,1.9735856,11.69783,2.731519,2.0476623,9.783575,1.2423335,1.4294596,1.6804354,3.9949772
2023-05-16,4.9666615,20.490986,84.431206,1.9687998,11.973273,3.3028584,2.2481298,10.242855,1.2641982,1.4947801,1.7445244,3.9814065
2023-05-17,4.648053,19.27078,83.001236,1.9675918,11.898075,3.849575,2.3700895,10.515126,1.2760218,1.4803083,1.7486455,3.6530986
2023-05-18,4.188325,18.071661,82.42699,1.9755093,11.433366,4.0314174,2.4409583,10.715351,1.2761382,1.4349625,1.735969,3.2582953
2023-05-19,3.8783257,17.78812,84.49413,2.02716,10.932959,3.764075,2.5641437,10.809495,1.2413856,1.3991537,1.7132525,3.0893273
2023-05-20,4.0634356,18.414204,88.96372,2.0292165,10.638265,3.3100598,2.655041,10.797645,1.1851249,1.3362284,1.6918385,3.143518
2023-05-21,4.853387,19.65718,93.18781,1.9872586,10.798867,3.6401892,2.644458,10.863565,1.1394513,1.2922313,1.70147,3.3884032
2023-05-22,5.7895007,20.692636,94.809265,1.9478474,11.256886,4.6460695,2.5793493,11.280098,1.1540564,1.3270211,1.7598073,3.747623
2023-05-23,6.1656175,19.902822,93.39555,1.9256545,11.759429,6.073561,2.4692452,11.885952,1.2019373,1.3889039,1.8008665,3.794918
2023-05-24,5.5615315,17.244152,89.077194,1.9165404,11.63106,7.1284947,2.2441213,11.877173,1.2207271,1.3723099,1.7556593,3.3516974
2023-05-25,4.2236333,14.771073,86.68232,1.9599859,10.530298,6.7655697,1.9842863,11.031425,1.1680968,1.2844784,1.6186774,2.7721832
2023-05-26,3.5049498,14.418439,86.95421,1.9387288,9.293517,5.5779977,1.7888442,9.885781,1.0547326,1.135273,1.4729158,2.5512989
2023-05-27,4.194132,15.865206,91.86941,1.9150485,8.592372,4.774367,1.6029882,9.028323,0.9711454,0.98072875,1.4453468,2.5391986
2023-05-28,5.3866944,17.29812,98.61502,2.0186617,8.399198,5.1528864,1.3910651,8.915493,0.9859787,0.96552384,1.5089517,2.7972927
2023-05-29,6.2326326,18.855747,101.639,2.1510396,8.734592,5.8640013,1.3819865,9.705831,1.1255889,1.1013858,1.6276466,3.6004179
2023-05-30,6.1091614,19.688065,100.885704,2.113405,9.613799,6.584073,1.2958045,10.2821,1.2057538,1.2473018,1.6834788,4.2061357
2023-05-31,5.737253,18.679625,97.1515,1.9344704,10.5372,6.8844743,1.1461091,10.599896,1.2579118,1.311746,1.6874276,4.201778
2023-06-01,5.298107,16.36941,92.00971,1.7760861,10.845007,6.9410343,0.9618982,10.3869505,1.2592934,1.2781756,1.6547623,3.6477442
2023-06-02,4.6920567,14.576379,87.22473,1.732786,9.863809,5.999635,0.9658107,9.844254,1.2191536,1.2124335,1.5788268,3.0860388
2023-06-03,4.3171916,14.044638,85.44379,1.7895894,8.650901,5.143544,1.1001147,9.202925,1.1606776,1.1248769,1.516101,2.8695893
2023-06-04,4.370858,14.736887,87.14403,1.8555799,7.7076654,4.506509,1.1502955,8.587398,1.0764042,1.0283237,1.4532266,2.732911
2023-06-05,4.692373,16.418531,90.3187,1.8909291,6.933458,4.072066,1.1419628,8.19585,1.0007213,0.95608747,1.3997777,2.6079085
2023-06-06,4.8923416,18.588566,93.93136,1.9321744,6.50628,3.942947,1.206577,8.248848,0.9863856,0.94618994,1.3674536,2.5618908
2023-06-07,4.7829976,20.371748,97.47353,1.9981705,6.7423315,4.084727,1.3629193,8.591692,1.0257046,0.97152704,1.3569022,2.6421812
2023-06-08,4.4476886,21.086123,98.49251,2.0544775,7.2866755,4.6150846,1.4825269,8.836833,1.07307,0.9780096,1.3373886,2.7179236
2023-06-09,4.364919,21.051048,95.41783,2.0781655,7.609058,5.824619,1.6038163,9.119449,1.134709,0.96416044,1.3288938,2.7004235
2023-06-10,4.521687,20.773226,91.909355,2.1521213,7.6869845,7.195097,1.6437384,9.634847,1.2538335,1.010407,1.380061,2.6320896
2023-06-11,4.6409335,20.224085,92.35523,2.2336032,7.6415396,7.864915,1.5064157,9.993851,1.3307371,1.095506,1.4586836,2.4794366
2023-06-12,4.9052043,19.817762,95.4061,2.3106208,7.586879,8.248499,1.414331,10.147868,1.3308991,1.1206778,1.5109115,2.3227994
2023-06-13,5.3296323,19.828947,98.37627,2.3920913,7.8694963,8.49479,1.3988216,10.447637,1.3580589,1.1585654,1.5786088,2.2642279
2023-06-14,5.533147,19.943867,99.7357,2.42509,8.444058,8.789619,1.4083172,10.657934,1.3879725,1.2256345,1.6151055,2.284859
2023-06-15,5.169105,19.633892,100.120964,2.446741,9.0955715,9.093036,1.4487575,10.852449,1.4360118,1.3390244,1.6169595,2.3214278
2023-06-16,4.4222584,19.063875,99.84585,2.4847393,9.669522,9.35841,1.5044415,10.948273,1.4747616,1.4401191,1.5914223,2.2967725
2023-06-17,3.8806834,18.772703,99.53062,2.4837637,10.008624,9.530864,1.4976106,10.858284,1.4744233,1.453281,1.5287899,2.0922985
2023-06-18,3.8593204,19.274763,99.31561,2.453852,10.211445,9.648443,1.3995476,10.588595,1.4371465,1.3968073,1.4639342,1.8655417
2023-06-19,4.326269,20.02733,98.71132,2.3913827,10.500882,9.66243,1.2258741,10.397334,1.4014331,1.3210514,1.4234409,1.6961935
2023-06-20,4.7056494,20.365923,96.606895,2.2721674,10.759368,9.513341,1.0250101,10.123838,1.3600084,1.2400595,1.3597509,1.558845
2023-06-21,4.9161425,20.846874,93.961555,2.087255,10.995382,9.222133,0.8504326,9.806826,1.3263695,1.1875097,1.277761,1.5691313
2023-06-22,4.8355412,21.393337,91.29654,1.852115,11.191068,8.638541,0.67612916,9.333106,1.26643,1.1487224,1.1767848,1.5263124
2023-06-23,4.5274425,21.817196,88.94942,1.5910604,11.154227,7.8891153,0.52289337,8.713424,1.1675669,1.1065059,1.0627778,1.4288018
2023-06-24,4.0437136,21.875288,86.513596,1.3833245,10.742314,6.814554,0.48897195,8.189186,1.0288296,1.0585634,0.95070153,1.2164936
2023-06-25,3.6745236,21.83793,84.56672,1.2319616,10.184495,5.836906,0.50729316,7.702128,0.8699339,1.003823,0.8687597,0.90453947
2023-06-26,3.4294016,21.71529,83.28808,1.179742,9.876416,5.3843894,0.54509264,7.3559103,0.73125124,0.9929491,0.81664324,0.6884596
2023-06-27,2.9083815,21.373186,81.67045,1.2079886,10.326761,5.549034,0.6374204,7.1639996,0.6345503,1.011229,0.7762997,0.5935568
2023-06-28,2.311385,20.902966,80.38415,1.2940701,11.128917,5.973631,0.7662591,6.9851394,0.579936,1.04645,0.74897826,0.6196912
2023-06-29,1.9607629,20.383474,79.41589,1.3993727,11.595317,6.7178535,0.8521858,6.712465,0.55736053,1.0584601,0.7578026,0.6582281
2023-06-30,2.0695286,20.970535,77.914925,1.5019213,11.484916,7.579424,0.89281815,6.7237225,0.54995435,1.0422523,0.77542514,0.5589391
2023-07-01,2.552161,22.278246,75.97212,1.5538931,11.249528,8.403838,0.86392623,7.005277,0.56172335,0.98626167,0.80489767,0.3961538
2023-07-02,3.0886223,23.449362,74.74767,1.583007,11.019213,9.045251,0.7999159,7.410951,0.59193957,0.928305,0.85861456,0.29718378
2023-07-03,3.2861476,23.844006,74.92922,1.5801432,11.348288,9.982794,0.81651306,7.7295823,0.6355784,0.9011773,0.9187435,0.33212972
2023-07-04,3.0104272,23.2624,75.87663,1.5677831,11.887997,10.748016,0.9323832,7.8793426,0.68053794,0.91265124,0.9701592,0.5191318
2023-07-05,2.5781288,22.26759,76.488,1.556229,11.972977,10.934479,1.0624596,7.860903,0.6998664,0.9535428,1.0115223,0.843248
2023-07-06,2.1801646,21.496649,76.3515,1.5682403,11.436531,10.522423,1.1546153,7.732338,0.68875587,1.014152,1.0192828,1.1598681
2023-07-07,2.0208533,20.979116,76.12964,1.6384387,10.611184,9.802022,1.1877352,7.6657186,0.66054875,1.0746138,1.0217608,1.314401
2023-07-08,2.2025228,21.167238,76.04476,1.7270896,10.339111,9.44064,1.1540874,7.743748,0.640559,1.0726391,1.0452384,1.186571
2023-07-09,2.6919575,21.903383,76.36377,1.7917712,10.169774,9.244638,1.0467998,7.8110304,0.63865846,1.0399112,1.0709238,0.9603715
2023-07-10,3.304736,22.589033,77.35343,1.8556695,10.177557,9.220018,0.9576036,7.931137,0.6610053,1.0418786,1.0737765,0.85021275
2023-07-11,3.5882654,22.777365,78.50962,1.9354987,10.192583,9.394225,0.94389683,8.072086,0.68726593,1.0703372,1.0787491,0.85223216
2023-07-12,3.4558778,22.40747,79.42377,2.03045,10.159489,9.405996,1.0308433,8.288074,0.7135719,1.1084827,1.1231551,0.8605966
2023-07-13,3.195925,21.770205,79.7449,2.1479347,10.27034,9.418073,1.1802956,8.551445,0.75301903,1.1801399,1.1834993,0.8956658
2023-07-14,2.8948123,21.384525,79.155785,2.2776656,10.572844,9.167942,1.3627322,8.848396,0.8009739,1.2612411,1.229307,0.9344463
2023-07-15,2.7605577,21.62391,79.05308,2.4192755,10.922182,8.856726,1.4703912,9.130829,0.854516,1.3449552,1.2642107,0.8951614
2023-07-16,3.025506,22.69398,81.53979,2.6265745,11.466215,9.109621,1.5120083,9.529689,0.94692016,1.4379331,1.3159838,0.8456555
2023-07-17,3.5831628,24.32689,84.896645,2.8240929,12.145233,10.201017,1.486183,9.958714,1.0524415,1.516197,1.3706334,0.89351743
2023-07-18,4.1383443,26.037327,86.232765,2.9761956,13.028043,11.602789,1.4244055,10.290102,1.1596471,1.6061307,1.440514,1.1542447
2023-07-19,4.260452,26.605104,85.5979,3.0364377,13.822862,12.334484,1.3655273,10.292452,1.2366524,1.6880763,1.496061,1.470245
2023-07-20,3.962023,25.993845,84.43554,2.9590592,13.866782,12.484332,1.3081264,9.943657,1.2542422,1.704564,1.5154822,1.6861578
2023-07-21,3.417891,24.990702,84.22173,2.847789,13.1837225,12.24284,1.2987466,9.543112,1.2196409,1.6877275,1.4859517,1.7364318
2023-07-22,3.0250566,24.3994,85.131134,2.7880433,12.372417,11.963254,1.3385423,9.202071,1.194142,1.680016,1.4271247,1.6329361
2023-07-23,3.056102,24.931505,86.84457,2.761828,12.030764,12.201725,1.3437014,8.9370775,1.1885085,1.6564488,1.3873509,1.5610245
2023-07-24,3.4831686,26.39156,86.9403,2.733317,12.411811,12.6064415,1.2670318,8.736359,1.2046607,1.6297699,1.3835573,1.5164694
2023-07-25,3.9515977,27.965986,85.07737,2.652385,13.04238,12.587717,1.1289868,8.495603,1.2301824,1.5729003,1.405214,1.4785228
2023-07-26,4.211246,29.165195,82.38382,2.5225918,13.53292,12.160693,0.9758521,8.193774,1.2286098,1.4950703,1.4199651,1.4767745
2023-07-27,4.183044,29.497272,78.861176,2.3070595,13.616696,11.163118,0.87673515,7.8462296,1.1731157,1.4210253,1.3857759,1.4907963
2023-07-28,3.865361,29.254877,75.80827,2.0851371,13.443598,9.426033,0.88394165,7.593496,1.0786798,1.4025228,1.2919639,1.5083445
2023-07-29,3.197487,28.746399,74.71764,1.8904117,13.063372,7.335557,1.0089087,7.5269117,0.93804616,1.3892192,1.1608708,1.3968767
2023-07-30,2.6569166,28.157068,75.616905,1.7088709,12.692334,5.758702,1.1565609,7.490632,0.76214236,1.3380079,1.045188,1.2215258
2023-07-31,2.3789911,27.598858,77.11403,1.5371304,12.625954,5.1420455,1.224032,7.3225102,0.5907218,1.2571744,0.9396944,1.0629128
2023-08-01,2.252266,27.14947,77.88625,1.4663798,12.995341,5.1854157,1.2212714,7.268305,0.4683169,1.2122381,0.8680727,1.0773808
2023-08-02,2.00197,26.299723,78.546585,1.5057368,13.660682,5.5767436,1.184761,7.4154735,0.4297631,1.2201198,0.84123003,1.1936922
2023-08-03,1.8054101,25.168722,78.33182,1.5989751,13.957986,6.1647887,1.1687529,7.6051297,0.4399725,1.2085593,0.8432941,1.2816485
2023-08-04,1.9438115,24.647074,77.48407,1.6955156,13.844394,6.8634567,1.1333112,7.7139993,0.47745222,1.1612531,0.8604322,1.2805797
2023-08-05,2.0794132,24.112984,76.78801,1.7854193,13.521828,7.754064,1.0609714,7.8425965,0.51300067,1.1052969,0.89090776,1.278936
2023-08-06,2.1991231,23.535372,76.279076,1.8631004,13.090988,8.601467,0.99656767,7.9676065,0.5412641,1.0587738,0.92826235,1.3299009
2023-08-07,2.401488,23.279345,75.87171,1.9272566,12.756157,9.300204,0.96142495,8.055915,0.56945026,1.0432708,0.964415,1.4516798
2023-08-08,2.536499,23.102064,75.43703,1.9780937,12.374249,9.70321,0.9580308,8.110832,0.5857056,1.05681,0.9957435,1.6043181
2023-08-09,2.5678744,22.869186,75.17402,2.030522,12.022159,9.845063,0.99552053,8.167817,0.59233487,1.0949494,1.025865,1.7524781
2023-08-10,2.560923,22.698307,74.95452,2.0917895,11.790583,9.7745695,1.0804032,8.270102,0.5961336,1.1476508,1.0573488,1.8371243
2023-08-11,2.5391726,22.70523,74.82238,2.1677113,11.705515,9.697516,1.1878839,8.460777,0.60882473,1.2035253,1.0840989,1.8455802
2023-08-12,2.5808108,22.838522,74.34001,2.2448783,11.680898,9.810519,1.2691427,8.690515,0.63964313,1.2324396,1.106302,1.7363409
2023-08-13,2.7485857,23.064974,73.727036,2.3393238,11.752605,10.184468,1.2926558,9.0327215,0.6889229,1.2429856,1.1291394,1.5830588
2023-08-14,3.0262938,23.379017,73.137276,2.470853,11.909785,10.702218,1.2890583,9.506848,0.7580218,1.2676471,1.1612189,1.4819968
2023-08-15,3.3136919,23.829603,73.0935,2.6395483,12.079688,11.240756,1.3151035,10.013477,0.85545725,1.3299793,1.2093499,1.4784999
2023-08-16,3.515756,24.404222,73.73559,2.7618954,12.131714,11.543273,1.3926272,10.356607,0.9453373,1.3954543,1.2632102,1.4920846
2023-08-17,3.4691756,24.827919,75.01129,2.7969913,12.155719,11.574016,1.4738487,10.38818,1.0022099,1.4655322,1.3069283,1.4830321
2023-08-18,3.1673439,24.998356,78.17795,2.8382807,12.244259,11.738575,1.566608,10.346092,1.0409001,1.5747501,1.3445426,1.5604577
2023-08-19,2.7436497,24.992788,82.598206,2.8900344,12.235723,11.825373,1.6890562,10.314943,1.0933044,1.7068136,1.3595384,1.6971669
2023-08-20,2.424558,24.83665,87.197334,2.9477308,12.169379,11.912827,1.812459,10.339206,1.1581488,1.832892,1.3529148,1.805113
2023-08-21,2.343676,24.73854,90.67609,2.9900331,12.384875,12.349663,1.8801576,10.411666,1.2110866,1.8949171,1.3545878,1.8231459
2023-08-22,2.4701583,24.758501,91.50178,2.9861493,12.849813,12.754275,1.8551868,10.315372,1.2436339,1.8943892,1.3613927,1.808137
2023-08-23,2.803315,25.451797,89.65854,2.9744327,13.669525,13.156319,1.7354932,10.048023,1.2731414,1.8453702,1.3912174,1.8933331
2023-08-24,3.0979705,26.445627,87.113045,2.942017,14.484997,13.338361,1.5560097,9.800327,1.3250711,1.7798496,1.4428375,2.0377228
2023-08-25,3.0314965,26.899782,86.0644,2.884148,14.741173,12.840634,1.4393713,9.402967,1.3474798,1.7073109,1.4610201,2.1298645
2023-08-26,2.820809,26.636135,85.60838,2.7470808,14.386154,11.929601,1.3710229,8.7439575,1.2965845,1.6073259,1.4306318,2.1296418
2023-08-27,2.744038,26.068758,85.74913,2.520351,13.91184,10.6599655,1.3558794,7.9566145,1.1985675,1.5205349,1.3571076,2.1590219
2023-08-28,2.5846891,25.742214,85.942116,2.2760463,13.389588,8.448412,1.4380376,7.3826046,1.0757501,1.5038096,1.2778181,2.073459
2023-08-29,2.2637236,25.500097,86.27031,2.0448775,13.067339,6.105613,1.532273,7.138544,0.93430746,1.5028617,1.1798224,1.8334912
2023-08-30,2.005779,25.279985,87.42814,1.8763942,13.124429,4.8940463,1.5471139,7.3128786,0.79123807,1.4343152,1.0844615,1.6039459
2023-08-31,1.8628181,24.990824,89.19556,1.8117076,13.922477,4.664299,1.4278235,7.7109222,0.69522256,1.3569187,1.0503486,1.597147
2023-09-01,1.7603341,24.215439,89.32887,1.8150257,14.501311,4.989772,1.2779754,7.940749,0.63718414,1.2644035,1.0190698,1.6626498
2023-09-02,1.8590397,23.291536,87.66649,1.940564,14.540526,5.6993084,1.1978585,8.355653,0.64786106,1.21218,0.9970725,1.7249106
2023-09-03,1.9915333,22.72164,84.875175,2.0873513,14.8062,7.0135746,1.168364,8.887053,0.7108044,1.1967659,0.97845,1.7533408
2023-09-04,2.1965659,22.440258,81.380264,2.1867857,14.9182625,8.311766,1.1524793,9.27782,0.7756181,1.1732421,0.9808864,1.7969645
2023-09-05,2.5013416,22.455254,78.34296,2.2675092,14.686315,9.371114,1.1188086,9.572974,0.83890855,1.1772084,1.0021775,1.8841085
2023-09-06,2.817558,22.672634,75.249374,2.3318212,14.005996,10.145706,1.0998626,9.75136,0.8879818,1.2132024,1.0337486,1.954202
2023-09-07,3.0869553,23.042755,72.42016,2.3756564,13.118574,10.691573,1.1035506,9.854743,0.90958875,1.2526387,1.0807633,1.972962
2023-09-08,3.297112,23.324198,70.35345,2.3942745,12.333528,11.201394,1.1526192,9.926616,0.92117035,1.3078628,1.1203775,1.9606673
2023-09-09,3.3329601,23.406017,68.191505,2.404461,11.750962,11.860994,1.2662141,10.0501175,0.9348401,1.3915087,1.1618167,1.9487047
2023-09-10,3.180012,23.405632,66.57963,2.398504,11.406621,12.398537,1.4028665,10.211926,0.9618931,1.4860994,1.205011,1.9231447
2023-09-11,2.9363549,23.466969,67.7652,2.4144394,11.2049265,12.751621,1.5211416,10.407636,1.0067612,1.5900823,1.2414618,1.8681116
2023-09-12,2.6721761,23.733639,71.491356,2.4306965,11.091357,12.848236,1.6219792,10.512282,1.0458087,1.6743116,1.2533151,1.7858875
2023-09-13,2.4597106,23.996567,76.87967,2.4094818,11.1373,12.410101,1.6715388,10.3624735,1.0615177,1.7197825,1.2427571,1.6799147
2023-09-14,2.359854,23.98097,81.83968,2.367672,11.387258,11.667139,1.6604465,10.068413,1.0895208,1.7345548,1.2290939,1.5894967
2023-09-15,2.3770638,24.17893,84.84061,2.3977377,12.086209,11.494398,1.6538652,9.955289,1.1435283,1.7449148,1.2492498,1.5949502
2023-09-16,2.4257905,24.503645,85.15541,2.4871664,12.982987,11.497093,1.6346655,9.977756,1.2182652,1.7503499,1.3047626,1.6387239
2023-09-17,2.3675008,24.44322,83.53743,2.613791,13.787124,11.327601,1.5904597,10.108248,1.3182937,1.7648835,1.3703978,1.782885
2023-09-18,2.33681,24.368769,83.05767,2.7395499,14.426476,10.969679,1.5452185,10.291357,1.4163342,1.7745079,1.4420264,1.9005202
2023-09-19,2.3992982,24.660568,84.999664,2.8093052,14.706804,10.690887,1.5421029,10.428457,1.4752747,1.7590249,1.4833877,1.9552615
2023-09-20,2.490291,25.362665,88.843994,2.80074,14.774365,10.6629715,1.5215676,10.369676,1.4956858,1.7368233,1.4916891,2.0688322
2023-09-21,2.532101,25.750713,93.040306,2.710071,14.691227,10.72181,1.4418849,9.943394,1.4649414,1.6899602,1.468915,2.268167
2023-09-22,2.475679,25.568401,94.87404,2.5367906,14.652918,10.17279,1.3519217,9.339082,1.3965517,1.6686435,1.4252622,2.5024207
2023-09-23,2.1996782,24.74462,93.59054,2.411802,14.523786,9.031993,1.3381575,9.10881,1.3183414,1.7118399,1.3748403,2.6783035
2023-09-24,1.8514333,23.5663,92.9893,2.348296,14.216818,7.8766184,1.3523092,9.071616,1.2515311,1.741655,1.3315879,2.651044
2023-09-25,1.6453998,22.22461,94.24179,2.311999,13.857325,7.0802097,1.337633,8.984268,1.1782641,1.6413769,1.2969743,2.473869
2023-09-26,1.5754867,20.949236,97.28455,2.2142172,13.654478,6.354806,1.3114685,8.582904,1.0831618,1.4488742,1.2481166,2.3562522
2023-09-27,1.5749898,19.61504,99.543236,2.1373315,13.228384,5.752451,1.2586356,8.216111,0.9832258,1.2960674,1.162375,2.37762
2023-09-28,1.5606511,18.699205,100.07463,2.1565554,12.606493,5.8115115,1.2533238,8.24203,0.9296491,1.2425845,1.0639552,2.4129884
2023-09-29,1.4942218,18.56448,97.67936,2.263911,12.865292,6.2618647,1.343792,8.661132,0.9153582,1.2520137,1.0003256,2.505677
2023-09-30,1.2797922,18.437029,92.80861,2.3599167,13.508082,7.040832,1.3850139,9.06251,0.9337612,1.2943143,0.9835068,2.6410215
2023-10-01,1.2968054,18.45548,87.26456,2.398319,13.19672,8.025704,1.4109752,9.2527485,1.000789,1.2965642,1.0267757,2.552693
2023-10-02,1.6238997,19.361742,83.843346,2.397821,12.425883,9.304143,1.3633485,9.34778,1.0801479,1.2926315,1.0458578,2.4278865
2023-10-03,2.112104,20.641552,82.146614,2.3971708,11.443499,9.614937,1.3289251,9.414284,1.1161875,1.2898818,1.0502797,2.2426941
2023-10-04,2.6088424,21.417963,82.01353,2.389548,10.42182,9.562357,1.2991464,9.289654,1.0893774,1.2733454,1.0138696,1.9870466
2023-10-05,2.9696038,21.55146,81.49367,2.2655642,9.7132845,10.186488,1.2653397,9.00066,1.0110898,1.2391915,0.95292616,1.7666246
2023-10-06,3.023926,21.557964,79.638466,2.0994,9.821116,10.791177,1.2669289,8.945689,0.93433625,1.2408776,0.93880486,1.6352688
2023-10-07,2.4967546,21.328264,77.37882,2.030985,10.534222,10.653033,1.3582883,9.255987,0.88100165,1.34657,0.96401256,1.7059608
2023-10-08,1.950018,21.14086,75.720116,2.1245131,10.884489,10.404604,1.4952196,9.499965,0.8716833,1.4480062,1.0054783,1.7882038
2023-10-09,1.790426,21.582247,77.56138,2.2910342,11.3068075,10.632105,1.5545651,9.661505,0.878637,1.5210589,1.022479,1.7428098
2023-10-10,2.0429318,22.936068,80.26758,2.3590117,11.814994,11.079437,1.5014025,9.513172,0.9147806,1.4649698,0.99434614,1.4623176
2023-10-11,2.536118,24.3539,83.77815,2.3536322,11.81879,11.113515,1.3434039,9.042825,0.9674131,1.3810731,0.98468447,1.2673051
2023-10-12,2.9256115,25.088835,86.21027,2.4430268,11.692397,11.985926,1.1930053,8.902401,1.047873,1.3734621,0.99920696,1.3471928
2023-10-13,3.0057654,25.147184,83.989655,2.460871,11.874523,12.754871,1.1645644,8.944371,1.14168,1.3959172,1.0542829,1.5614953
2023-10-14,2.630231,24.740826,79.43018,2.4249804,12.353417,12.541518,1.2823504,9.196242,1.2267804,1.4969603,1.1413603,1.9064398
2023-10-15,2.1302958,24.53702,77.42981,2.4911478,12.83699,11.8099575,1.3840421,9.634585,1.3030176,1.6734792,1.2615762,2.1554506
2023-10-16,1.926021,24.473774,79.36583,2.5810235,12.734639,10.81386,1.4605255,9.935435,1.3439924,1.7875326,1.3218554,2.0656052
2023-10-17,2.1145005,24.912884,85.00261,2.6474779,12.730074,10.013028,1.5428523,10.126763,1.3406694,1.7824211,1.3289,1.6967334
2023-10-18,2.3982847,25.812027,92.270355,2.709366,13.288859,10.233408,1.5434142,10.036791,1.321131,1.7260686,1.2999682,1.6323684
2023-10-19,2.441595,25.852972,98.126396,2.711036,14.111326,10.736036,1.4267795,9.713752,1.322519,1.665447,1.2957925,1.9709855
2023-10-20,2.3127213,25.252659,99.18927,2.6468809,14.660995,11.081882,1.339307,9.289061,1.3374498,1.6206644,1.3386945,2.422446
2023-10-21,1.8831501,23.36653,95.16061,2.5436919,14.64667,10.385741,1.2953593,9.056071,1.3146449,1.5777675,1.3255305,2.6460495
2023-10-22,1.501611,21.482208,91.73653,2.5515628,13.932205,9.4513035,1.282506,9.0450535,1.2740384,1.6129055,1.2943509,2.7079644
2023-10-23,1.4598347,20.373508,92.0071,2.5431082,12.989653,9.023226,1.3425686,8.970016,1.2273129,1.5732907,1.2788452,2.568893
2023-10-24,1.7355852,20.311296,95.07611,2.5256727,12.635829,9.055166,1.3855778,8.937711,1.193309,1.4576969,1.2871239,2.4412427
2023-10-25,2.138477,20.54204,98.33329,2.4820251,12.578344,8.718928,1.3956058,8.822097,1.1659019,1.3223329,1.2740796,2.4744623
2023-10-26,2.493058,20.930296,101.82762,2.4898474,12.4776745,8.126034,1.3687649,8.675258,1.1214275,1.3014348,1.2148887,2.5915308
2023-10-27,2.39761,20.954771,101.82676,2.4650638,12.577809,7.457828,1.4145691,8.730412,1.0530758,1.2993166,1.1483132,2.639404
2023-10-28,1.6987674,20.275198,96.18991,2.5136867,13.521319,7.0691752,1.5695343,9.152018,1.007225,1.3872417,1.0937146,2.9189143
2023-10-29,1.3511282,19.477362,88.55786,2.6493185,13.698842,7.9423976,1.6673719,9.522215,1.0177864,1.4819431,1.0875593,3.1610308
2023-10-30,1.5186065,19.465717,88.109375,2.7509577,13.056443,9.592473,1.8014231,9.830543,1.0997136,1.4978213,1.125557,3.1772017
2023-10-31,2.0873375,20.988512,92.08602,2.7143233,12.46499,10.823186,1.8585881,9.926888,1.1629367,1.4506395,1.1121482,3.1610193
2023-11-01,2.6929932,22.486465,96.94204,2.5910697,11.595898,11.377339,1.8341469,9.574591,1.1260402,1.3595442,1.044746,3.0486991
2023-11-02,3.0392342,22.929235,98.65692,2.4900572,10.911882,12.161166,1.7854654,9.309561,1.1121823,1.3578258,0.99723935,3.066838
2023-11-03,2.891244,21.546501,95.50666,2.2482011,11.366502,12.001269,1.7857326,9.126933,1.0678029,1.3605626,0.97745,3.095188
2023-11-04,2.3790464,19.368324,88.646,2.0916126,12.379354,10.487719,1.9407713,8.98122,0.99689543,1.3695474,0.9768768,3.1996212
2023-11-05,1.8659091,18.446636,85.82314,2.2738786,13.29965,9.445205,1.9714226,9.309668,1.0286462,1.5331931,1.0303531,3.5328307
2023-11-06,2.0813882,18.750896,88.59884,2.4433188,13.943704,9.605632,1.9648985,9.542289,1.105159,1.5562177,1.1031804,3.7277622
2023-11-07,2.982647,20.035524,93.82217,2.4618099,14.060282,9.596631,1.9270803,9.235542,1.158353,1.4028239,1.1529397,3.6537032
2023-11-08,3.4985483,20.892832,98.07018,2.5029664,12.720953,9.953075,1.7444419,9.031051,1.1316067,1.2905982,1.1673408,3.6845806
2023-11-09,3.8746412,20.2783,97.9262,2.5222363,12.072643,11.043154,1.588962,9.295725,1.1380928,1.2214272,1.2433428,3.84499
2023-11-10,3.778784,19.287048,92.07825,2.432754,11.502562,11.077647,1.5468214,9.189944,1.1200722,1.1984792,1.2890297,3.7087994
2023-11-11,3.043251,18.795328,85.10963,2.351577,11.631643,9.606663,1.7589518,9.153049,1.1107978,1.3475327,1.3613348,3.6457305
2023-11-12,2.3586543,19.338533,81.293594,2.4249492,11.67071,8.287289,2.0689058,9.444161,1.1797501,1.5994073,1.4495829,3.8754973
2023-11-13,2.5312896,20.250975,84.41966,2.6138659,11.3233795,7.4484105,2.3339124,9.878955,1.2580358,1.755726,1.5246582,4.031142
2023-11-14,3.330053,21.309916,94.51494,2.6213543,11.2951565,7.0314574,2.4002504,10.158127,1.2425046,1.6246909,1.5398524,4.0016265
2023-11-15,4.507471,22.820292,103.56816,2.4928317,11.633833,8.090304,2.3895214,10.08969,1.1298937,1.4466197,1.5164521,4.2599373
2023-11-16,5.115565,23.409256,105.9624,2.3951516,12.017398,8.439031,2.3899124,10.663042,1.1922561,1.4300586,1.609336,4.676844
2023-11-17,4.370945,21.278551,99.56075,2.111646,11.668477,7.999325,2.120861,10.062253,1.158875,1.3345727,1.5705628,4.146553
2023-11-18,3.2502193,19.424194,90.56203,1.9628415,10.905739,7.300995,2.1573184,9.797104,1.2175626,1.355659,1.5471444,3.786333
2023-11-19,2.1775627,19.364714,86.4864,2.0817707,9.754039,6.3960075,2.3616202,9.765429,1.2697228,1.5755917,1.5817791,3.8668272
2023-11-20,2.4661295,20.69323,89.029305,2.245105,9.381692,6.0473585,2.5116255,10.172779,1.3685898,1.6480036,1.6770529,4.089582
2023-11-21,3.8631964,23.367172,97.43971,2.192481,9.314322,5.436326,2.4015749,10.354832,1.3386514,1.4214581,1.6950421,3.9899654
2023-11-22,5.673959,26.881725,101.10938,2.1528037,9.97123,5.577728,2.2301211,10.821303,1.2954195,1.2738768,1.7534215,4.2754683
2023-11-23,6.942142,29.497984,100.56363,2.1722784,11.2098465,6.269825,2.0415378,12.009834,1.5218325,1.4132978,1.8558075,4.833321
2023-11-24,5.976395,25.860521,94.89001,1.9300944,12.006432,6.3209825,1.7135693,11.9162,1.6122608,1.4969326,1.7464788,4.5531464
2023-11-25,4.2106786,18.832415,88.31486,1.6411086,10.586678,6.8763423,1.5686927,10.954649,1.5211809,1.4225425,1.5865252,3.4842315
2023-11-26,2.1487477,15.166794,85.43118,1.6220477,8.819238,6.185286,1.7304636,10.050232,1.3137455,1.4905275,1.4462559,3.0276918
2023-11-27,1.7261356,16.41157,91.71152,1.6432673,7.8115954,5.3237076,1.6763299,8.97711,1.0611625,1.4377917,1.1886438,2.9092627
2023-11-28,2.6435814,19.5234,100.23938,1.2760366,7.9926524,4.3639636,1.2540867,7.520099,0.79513174,1.131511,0.94014835,2.0069568
2023-11-29,3.9015641,21.540833,103.65938,0.8541518,7.917563,2.8432322,1.1304946,6.4071717,0.59264874,0.8850031,0.8861513,1.1984258
2023-11-30,4.402083,23.446156,107.405754,0.7920162,7.5678945,1.5441568,1.0449557,6.4459896,0.5785493,0.91015035,0.89446706,1.0366305
2023-12-01,3.9092069,23.1003,107.74037,0.83531576,7.505651,1.4823513,0.9317541,6.661792,0.6072641,0.9007398,0.8787587,1.2817191
2023-12-02,2.816208,20.774893,103.980484,0.8243262,8.221018,2.7196927,0.82067925,6.587545,0.6267008,0.74036694,0.8653833,1.4961488
2023-12-03,1.9943857,17.596472,97.65648,0.81171596,8.985488,5.160009,0.6291055,6.010926,0.63194424,0.58604217,0.8407682,1.3067218
2023-12-04,1.968771,16.21999,96.37071,0.94467986,8.949591,7.332478,0.50740314,5.698128,0.61404616,0.65345347,0.85045767,1.2118239
2023-12-05,2.599316,16.194508,101.424385,1.1059986,9.004389,9.1187315,0.56703436,5.5902643,0.65119207,0.81079555,0.9558103,1.3948377
2023-12-06,3.3134632,16.658487,104.46199,1.2667197,8.368525,8.973005,0.717098,5.8334007,0.75603,0.9455613,1.0340086,1.6973728
2023-12-07,3.6901376,17.433384,103.505684,1.3394762,7.9270444,7.814125,0.902879,6.0655174,0.8486786,0.9786587,1.0722837,1.789464
2023-12-08,3.6266358,17.376276,100.83422,1.3964021,7.821585,7.1045856,1.0419339,6.357352,0.88437635,1.0097064,1.1258448,1.770236
2023-12-09,3.173744,16.521233,96.03603,1.4181427,8.086236,6.7745376,1.1704597,6.5428715,0.88036984,1.041284,1.1600354,1.6941507
2023-12-10,2.738955,15.699758,90.15659,1.412347,8.22747,6.7699695,1.3309253,6.6303763,0.85068524,1.0399234,1.1704468,1.5538573
2023-12-11,2.6780612,15.62723,86.69627,1.4814868,8.170529,7.138684,1.4307004,6.757409,0.84598166,1.069311,1.1738166,1.3932834
2023-12-12,2.8688352,16.49133,87.04311,1.6084825,8.4403925,7.271467,1.457147,6.9508324,0.87141895,1.1228378,1.1774213,1.2408744
2023-12-13,3.2862675,17.866352,88.20852,1.6968586,8.598218,7.0170565,1.4482553,7.0154557,0.89156514,1.1498889,1.1591004,1.1445322
2023-12-14,3.6808152,19.291464,88.7548,1.7383097,8.766891,6.5551624,1.4542564,6.969731,0.8863433,1.1568618,1.1386133,1.0989143
2023-12-15,4.0475225,20.749567,88.22119,1.7549031,9.346993,5.9807796,1.5169437,6.9021153,0.89085734,1.1803768,1.1418707,1.0614573
2023-12-16,4.1573825,21.709002,86.56087,1.7322042,10.092103,5.4518604,1.6206781,6.8654,0.90449196,1.24088,1.15215,1.0671399
2023-12-17,3.9645014,22.080229,85.87115,1.7252654,10.641026,5.0842676,1.7258502,7.0362644,0.91292,1.3623763,1.1591315,1.2538766
2023-12-18,3.9004526,22.35427,87.143776,1.7417468,11.020226,5.2154336,1.8200219,7.337524,0.9173342,1.4632735,1.1697456,1.6475261
2023-12-19,4.227465,22.785742,89.335365,1.7348907,11.298345,5.67205,1.8430973,7.687846,0.9444473,1.5130181,1.2046177,2.0524676
2023-12-20,4.7170305,23.456087,90.43173,1.7251608,11.674328,6.1380715,1.7999235,8.012929,0.9938399,1.5163239,1.2761667,2.3705647
2023-12-21,5.170399,23.984957,89.528465,1.7305583,12.24662,6.774194,1.7171319,8.189571,1.0423018,1.4987061,1.3741237,2.6953695
2023-12-22,5.544213,23.638876,86.63324,1.7020539,12.766472,7.5023174,1.5877452,8.311201,1.0824163,1.462115,1.4692414,2.9255571
2023-12-23,5.8985887,22.620022,83.04526,1.6182494,12.814636,8.307774,1.4318315,8.3669,1.1292913,1.3827151,1.5274464,2.9697003
2023-12-24,5.8794837,21.531137,82.35298,1.5975358,12.505698,8.875572,1.2999408,8.472641,1.1703905,1.3494252,1.5555925,2.8504467
2023-12-25,5.6168933,20.741121,82.90382,1.6200155,12.067531,9.1416025,1.2576485,8.43938,1.1796632,1.3178687,1.5608841,2.7494981
2023-12-26,5.381649,20.545353,83.37041,1.6771883,11.72557,8.948584,1.2472154,8.260805,1.1644713,1.302444,1.5477428,2.7530258
2023-12-27,5.4411473,21.056637,83.82232,1.7523309,11.6625,8.492394,1.2344092,8.081,1.1562734,1.3239073,1.5592813,2.8766985
2023-12-28,5.891454,22.041142,84.40295,1.7949775,11.650556,8.059901,1.1971687,7.900861,1.1592917,1.3404202,1.5797683,3.0471478
2023-12-29,6.272733,22.918028,84.550026,1.7958909,11.742645,7.713113,1.1821563,7.9437513,1.1774709,1.3533622,1.6071378,3.1554325
2023-12-30,6.486163,23.057434,84.356155,1.7819057,11.851717,7.6047583,1.190742,8.263339,1.222171,1.375536,1.639968,3.2141583
2023-12-31,6.375719,22.119825,84.15999,1.784526,11.982489,7.601515,1.2116176,8.629113,1.2629783,1.380532,1.6529229,3.22864
2024-01-01,5.819774,21.031872,84.89752,1.790916,11.85815,7.376644,1.2473179,8.840806,1.2627761,1.3537514,1.6294138,3.127674
2024-01-02,5.2851605,20.44776,86.01409,1.7946441,11.619928,6.7025156,1.2819109,8.827295,1.2289839,1.2910225,1.5839565,3.0415702
2024-01-03,5.18254,20.807505,86.72508,1.8042294,11.31507,5.731093,1.2780039,8.611535,1.1743215,1.2362021,1.5494293,3.039766
2024-01-04,5.4867964,21.586885,87.28725,1.8321531,11.118722,4.9801745,1.2560871,8.462658,1.1440943,1.2090608,1.5418394,3.173322
2024-01-05,6.038056,22.816856,88.164185,1.8767903,11.13082,4.7006598,1.2797829,8.718773,1.1821016,1.2382927,1.5895246,3.4612484
2024-01-06,6.494228,24.030643,88.517044,1.8918128,11.237118,4.8744745,1.2785401,9.26157,1.2576365,1.2956231,1.6336114,3.7371085
2024-01-07,6.5481057,23.650173,87.685905,1.865319,11.379992,5.5012665,1.2722678,9.739646,1.3207678,1.3223861,1.6558264,3.7769952
2024-01-08,5.98076,21.513287,86.01827,1.8188076,11.425549,6.031651,1.2406818,9.846957,1.3068446,1.2697182,1.6335322,3.4576929
2024-01-09,5.105901,19.23361,84.76537,1.7804593,10.827954,5.7322116,1.1845865,9.567261,1.2351661,1.186736,1.5828526,2.9790022
